-- phpMyAdmin SQL Dump
-- version 5.1.3
-- https://www.phpmyadmin.net/
--
-- Host: 127.0.0.1
-- 생성 시간: 24-03-17 23:55
-- 서버 버전: 10.4.24-MariaDB
-- PHP 버전: 7.4.29

SET SQL_MODE = "NO_AUTO_VALUE_ON_ZERO";
START TRANSACTION;
SET time_zone = "+00:00";


/*!40101 SET @OLD_CHARACTER_SET_CLIENT=@@CHARACTER_SET_CLIENT */;
/*!40101 SET @OLD_CHARACTER_SET_RESULTS=@@CHARACTER_SET_RESULTS */;
/*!40101 SET @OLD_COLLATION_CONNECTION=@@COLLATION_CONNECTION */;
/*!40101 SET NAMES utf8mb4 */;

--
-- 데이터베이스: `llamasys`
--

-- --------------------------------------------------------

--
-- 테이블 구조 `attendance`
--

CREATE TABLE `attendance` (
  `attendance_id` int(11) NOT NULL,
  `employee_id` int(11) NOT NULL,
  `date` date NOT NULL,
  `enter_time` time NOT NULL,
  `leave_time` time NOT NULL,
  `valid` tinyint(1) NOT NULL DEFAULT 1
) ENGINE=InnoDB DEFAULT CHARSET=utf8;

-- --------------------------------------------------------

--
-- 테이블 구조 `department`
--

CREATE TABLE `department` (
  `department_id` int(11) NOT NULL,
  `organization_id` int(11) NOT NULL,
  `department` varchar(50) NOT NULL,
  `valid` tinyint(1) NOT NULL DEFAULT 1
) ENGINE=InnoDB DEFAULT CHARSET=utf8;

--
-- 테이블의 덤프 데이터 `department`
--

INSERT INTO `department` (`department_id`, `organization_id`, `department`, `valid`) VALUES
(1, 1, 'Accounting & Tax', 1),
(2, 1, 'Accounting', 1),
(3, 1, 'Tax', 1),
(4, 1, 'AR & AP Management', 1),
(5, 1, 'Treasury', 1),
(6, 1, 'AR & Credit', 1),
(7, 1, 'CFO', 1),
(8, 1, 'Business Management', 1),
(9, 1, 'General Procurement', 1),
(10, 1, 'Planning', 1),
(11, 1, 'Process Innovation & IT', 1),
(12, 1, 'Legal', 1),
(13, 1, 'SCM', 1),
(14, 1, 'WH Management', 1),
(15, 1, 'Order Management', 1),
(16, 1, 'Import Logistics', 1),
(17, 1, 'Sales Administration', 1),
(18, 3, 'Marketing', 1),
(19, 3, 'Brand Marketing', 1),
(20, 3, 'OBS', 1),
(21, 2, 'GTM', 1),
(22, 2, 'Promotor/Retail Marketing CE', 1),
(23, 2, 'ISM', 1),
(24, 2, 'SOM', 1),
(25, 4, 'Air Solution', 1),
(26, 5, 'AV Product', 1),
(27, 6, 'HA Product', 1),
(28, 7, 'IT&ID Product', 1),
(29, 8, 'HE Product', 1),
(30, 9, 'Human Resources', 1),
(31, 10, 'SVC', 1),
(32, 10, 'CIC Operation', 1),
(33, 10, 'LG SVC Center', 1),
(34, 10, 'SVC Networks & Parts', 1),
(35, 10, 'Technical Support', 1),
(36, 11, 'B2B SAC Engineering', 1),
(37, 11, 'B2B SAC Sales', 1),
(38, 11, 'RAC Sales', 1),
(39, 12, 'B2B / IT', 1),
(40, 13, 'B2B2C / Family Club', 1),
(41, 14, 'CE Sales', 1),
(42, 14, 'HA Sales (CE)', 1),
(43, 14, 'HE Sales (CE)', 1),
(44, 14, 'HA/HE Sales (CE)', 1),
(45, 15, 'B2B ID Sales', 1),
(46, 16, 'IT Sales', 1);

-- --------------------------------------------------------

--
-- 테이블 구조 `employee`
--

CREATE TABLE `employee` (
  `employee_id` int(11) NOT NULL,
  `location_id` int(11) DEFAULT NULL,
  `department_id` int(11) DEFAULT NULL,
  `employee_number` varchar(20) NOT NULL,
  `name` varchar(150) NOT NULL,
  `is_supervised` tinyint(1) DEFAULT NULL,
  `valid` tinyint(1) NOT NULL DEFAULT 1
) ENGINE=InnoDB DEFAULT CHARSET=utf8;

--
-- 테이블의 덤프 데이터 `employee`
--

INSERT INTO `employee` (`employee_id`, `location_id`, `department_id`, `employee_number`, `name`, `is_supervised`, `valid`) VALUES
(1, 1, 1, 'PR009062', 'CASTRO GALLARDO, ANGELLA KAROLL', 0, 1),
(2, 1, 2, 'PR008255', 'MONTA?O COCA, MARIA DEL PILAR', 0, 1),
(3, 1, 2, 'PR009175', 'VELASQUEZ FLORES, MADELEYNE', 0, 1),
(4, 1, 2, 'PR009311', 'AVALOS BARRIO DE MENDOZA PAOLA', 0, 1),
(5, 1, 3, 'PR009092', 'PENA ANGO, LUIS GUSTAVO', 0, 1),
(6, 1, 3, 'PR009082', 'LLAJARUNA GONZALES, LIZ MARGARET', 0, 1),
(7, 1, 3, 'PR009244', 'QUEZADA XILENA', 1, 1),
(8, 1, 4, 'PR001736', 'SALAZAR GARCIA, GUILLERMO ENRIQUE', 0, 1),
(9, 1, 5, 'PR009309', 'POMACAJA BENITES MARIA DEL CARMEN', 0, 1),
(10, 1, 5, 'PR001759', 'AYALA RENGIFO, LUIS ENRIQUE', 0, 1),
(11, 1, 6, 'PR008956', 'DEPAZ VARGAS, JUAN PABLO', 0, 1),
(12, 1, 6, 'PR009333', 'SANCHEZ, DIANA', 1, 1),
(13, 1, 6, 'PR009119', 'NACIMENTO FLORES, TEDDY MARTIN', 1, 1),
(14, 1, 7, 'PR009297', 'Won Shik, Woo . ??, ????', 0, 1),
(15, 1, 8, 'PR008210', 'HWANG, BYUNG SEOK', 0, 1),
(16, 1, 9, 'PR008206', 'JIMENEZ NOLORBE, ANDY FRANK', 0, 1),
(17, 1, 9, 'PR009321', 'RETTO ALEMAN, JETER JHOSET', 1, 1),
(18, 1, 10, 'PR009257', 'Kim, Sujeong', 0, 1),
(19, 1, 10, 'PR009100', 'FLORES CANCHANYA, JHON DAVID', 0, 1),
(20, 1, 10, 'PR009325', 'CHOI MANRIQUE, SEONG JOON DAVID', 1, 1),
(21, 1, 10, 'PR008208', 'QUIROZ ECHEGARAY, FATIMA JOY', 0, 1),
(22, 1, 11, 'PR009337', 'PARK, JEONG WOO', 0, 1),
(23, 1, 11, 'PR008737', 'KAWANO CASTILLO, ROBERTO CARLOS', 0, 1),
(24, 1, 11, 'PR008985', 'ALVAREZ RAMIREZ, RICARDO JESUS', 1, 1),
(25, 1, 12, 'PR009129', 'ROSAZZA ROEDER, MARIO ANTONIO', 0, 1),
(26, 1, 12, 'PR009326', 'ANDRADE GALVEZ, NATALI', 0, 1),
(27, 1, 13, 'PR001871', 'CARBAJAL HUAYNA, MARIELA GLORIA', 0, 1),
(28, 1, 14, 'PR009207', 'OYOLA BRIAN', 0, 1),
(29, 1, 15, 'PR009327', 'RIVAS PATRICIA', 0, 1),
(30, 1, 15, 'PR009248', 'CORIA LEYTHON ANDREA VIRGINIA', 1, 1),
(31, 1, 15, 'PR009210', 'SAMPE MIRANDA ELIZABETH MILUSKA', 1, 1),
(32, 1, 15, 'PR008941', 'SUSAYA ORMENO, JHENMI LIBET', 1, 1),
(33, 1, 16, 'PR009319', 'CABALLERO QUICA?O CESAR', 0, 1),
(34, 1, 16, 'PR009277', 'QUISPE SILVESTRE MILUSKA TATIANA', 1, 1),
(35, 1, 17, 'PR001849', 'CARBAJAL HUAYNA, MELISA KATTY', 0, 1),
(36, 1, 17, 'PR009015', 'VASSALLO JIMENEZ, DEBORAH GLORIA MARIA', 0, 1),
(37, 1, 17, 'PR009172', 'CARRASCO SANTOS, ROCIO DEL MILAGRO', 1, 1),
(38, 1, 17, 'PR009064', 'VARGAS WONG, CHABELLY', 0, 1),
(39, 1, 17, 'PR009301', 'HERNANDEZ HUAMA?AHUI KELLY ESTHER', 1, 1),
(40, 1, 18, 'PR008295', 'SEO, BO JUNG', 0, 1),
(41, 1, 19, 'PR009289', 'SOPLIN MONTEJO LAURA ELIZABETH', 0, 1),
(42, 1, 18, 'PR009180', 'ASTUHUAMAN CASACHAGUA, PAMELA JHOHANA', 0, 1),
(43, 1, 18, 'PR009229', 'ARELLANO MONTOYA IGNACIO GERARDO', 0, 1),
(44, 1, 20, 'PR009335', 'SUAREZ LUIS', 1, 1),
(45, 1, 20, 'PR009027', 'GALLEGOS LOVERA, ELIZABETH PATRICIA', 1, 1),
(46, 1, 20, 'PR009156', 'OYARCE ZEGARRA, RODRIGO CESAR ALEJANDRO', 0, 1),
(47, 1, 20, 'PR008522', 'PINILLOS SEMINARIO, JUAN IGNACIO', 0, 1),
(48, 1, 21, 'PR008793', 'SHIM, SANG JUNE', 0, 1),
(49, 1, 22, 'PR008161', 'KANAGUSUKU ARIAS, DIANA ELISA', 0, 1),
(50, 1, 22, 'PR009132', 'TORRES ESPINOZA, MARISSELA CARMEN', 0, 1),
(51, 1, 22, 'PR009070', 'PARRA FLORES, GIULIANA DEL CARMEN', 0, 1),
(52, 1, 22, 'PR009242', 'RUCOBA  GRANDEZ  CESAR NIXON', 1, 1),
(53, 1, 22, 'PR009243', 'CHAVEZ  RODRIGUEZ  RONALD ALEJANDRO', 1, 1),
(54, 1, 23, 'PR009234', 'HUBY SOFIA', 0, 1),
(55, 1, 24, 'PR008144', 'CHUG MORALES, JUAN FRANCISCO', 0, 1),
(56, 1, 24, 'PR009310', 'CRUZ MENDOZA FRANCISCO', 1, 1),
(57, 1, 24, 'PR009174', 'ROMERO CARRASCO, DANNY JEFFERSON', 1, 1),
(58, 1, 24, 'PR009130', 'LENGUA NUNEZ, MILAGROS ISABEL', 0, 1),
(59, 1, 24, 'PR009134', 'CARRILLO OSCCO, ALFREDO MOISES', 0, 1),
(60, 1, 24, 'PR009201', 'CALUA JHAN', 1, 1),
(61, 1, 25, 'PR009224', 'JEONG  SANG UK', 0, 1),
(62, 1, 25, 'PR009088', 'ALFARO HERNANDEZ, ANDREA CECILIA', 1, 1),
(63, 1, 26, 'PR009329', 'Han, Muhyun . ??, ????', 0, 1),
(64, 1, 26, 'PR009060', 'CABALLERO ALFARO, MARKUS STEFAN', 0, 1),
(65, 1, 26, 'PR009293', 'AITA VALDERRAMA LUANA', 0, 1),
(66, 1, 27, 'PR009230', 'Lee, Seong Min . ??, ????', 0, 1),
(67, 1, 27, 'PR008756', 'ROJAS FLOREANO, WAGNER ALONSO', 0, 1),
(68, 1, 27, 'PR009305', 'RODRIGUEZ DUE?AS LUIS ANGEL', 0, 1),
(69, 1, 27, 'PR009232', 'FAJARDO GRIMALDI AGUSTIN ATILIO', 0, 1),
(70, 1, 27, 'PR009179', 'CORAL PILARES, ANGEL DANIEL', 1, 1),
(71, 1, 28, 'PR008451', 'PANDOLFI MERCADO, PATRICIA ROSA', 0, 1),
(72, 1, 28, 'PR009216', 'FREUNDT RENATO', 1, 1),
(73, 1, 28, 'PR009246', 'ARENAS VALDIVIA MILAGROS GUADALUPE', 1, 1),
(74, 1, 29, 'PR008770', 'TORRES ESPINOZA, CLAUDIA SOFIA', 0, 1),
(75, 1, 29, 'PR008969', 'NEYRA GARCIA, LAUCO FABRIZZIO', 0, 1),
(76, 1, 29, 'PR009113', 'Oh, Sang Jun . ??, ????', 0, 1),
(77, 1, 29, 'PR009033', 'VARGAS MENDOZA, DARIO ANTHONY', 0, 1),
(78, 1, 30, 'PR009153', 'MONTERO ATOCHE, CYNTHIA FIORELLA', 0, 1),
(79, 1, 30, 'PR009252', 'YEPEZ ANACLAUDIA', 0, 1),
(80, 1, 30, 'PR008934', 'GARCIA TIMOTEO, ANA FABIOLA', 0, 1),
(81, 1, 30, 'PR009255', 'Beuermann, Hans', 0, 1),
(82, 1, 31, 'PR009115', 'Gang, Jeongmo . ??, ????', 0, 1),
(83, 1, 32, 'PR009339', 'Herrera, Josue', 0, 1),
(84, 1, 32, 'PR008857', 'LUNA LOPEZ, GARI ALEJANDRO', 1, 1),
(85, 1, 32, 'PR008612', 'BAUTISTA MUNOZ, JIMMY SANTIAGO', 0, 1),
(86, 2, 33, 'PR008644', 'JIMENEZ CONCHA, GLADIMIR', 1, 1),
(87, 2, 33, 'PR008754', 'GALINDO PEREIRA, EDWIN', 1, 1),
(88, 2, 33, 'PR008901', 'GIL ARIZAGA, RICHARD', 1, 1),
(89, 2, 33, 'PR009102', 'SARMIENTO FARFAN, JOSE CARLOS', 0, 1),
(90, 2, 33, 'PR008641', 'CALDERON VELASQUEZ, JORGE ENRIQUE', 1, 1),
(91, 2, 33, 'PR008656', 'ARMAS MELGAREJO, RUBEN VIDAL', 1, 1),
(92, 2, 33, 'PR008860', 'JACINTO CARRION, SUSANA ELIZABETH', 1, 1),
(93, 2, 33, 'PR009286', 'GALLARDO MEZA LUIS RAUL OSWALDO', 1, 1),
(94, 1, 34, 'PR008457', 'PIZARRO BRAVO, LESLY MERCEDES', 0, 1),
(95, 1, 34, 'PR001703', 'ZAVALETA DURAN, CESAR ANTONIO', 0, 1),
(96, 1, 34, 'PR001762', 'MEZA GAVIDIA, ELIZABETH GIANNINA', 0, 1),
(97, 1, 34, 'PR009299', 'AG?ERO SOLANO JEAN POOUL', 0, 1),
(98, 1, 34, 'PR009190', 'ZAPATA CARLA', 1, 1),
(99, 1, 34, 'PR009160', 'IRAZABAL ECHENIQUE, DIEGO ANGEL JUNIOR', 0, 1),
(100, 1, 35, 'PR009031', 'HUANCA AQUISE, ARTURO', 0, 1),
(101, 1, 35, 'PR008733', 'VALDIVIEZO LEON, KURT KENY', 0, 1),
(102, 1, 35, 'PR009236', 'VEGA  LEON FREDDY RICHARD', 1, 1),
(103, 1, 35, 'PR008652', 'LAURA LARA, JHONY GREGORIO', 0, 1),
(104, 1, 36, 'PR009133', 'LUGO IRAUSQUIN, ESTEBAN RAMON', 0, 1),
(105, 1, 36, 'PR009162', 'DELGADO FERIA, JOSE ALEX', 0, 1),
(106, 1, 36, 'PR008978', 'MORALES CANAHUALPA, ROBERTO ALEXIS', 0, 1),
(107, 1, 37, 'PR009184', 'HINOSTROZA LOZANO, CARLOS EDUARDO', 0, 1),
(108, 1, 37, 'PR008780', 'CORTEZ TERRAZAS, RONY', 0, 1),
(109, 1, 37, 'PR009303', 'CHARA EDGAR', 0, 1),
(110, 1, 37, 'PR009109', 'ARAPA ORIUNDO, CHRISTIAN', 1, 1),
(111, 1, 38, 'PR001808', 'PAUCAR SUAREZ, PEDRO MANUEL', 0, 1),
(112, 1, 39, 'PR009226', 'SANGKYU LEE', 0, 1),
(113, 1, 39, 'PR009238', 'MORANTE  MANRIQUE YANIRA YVONNE', 1, 1),
(114, 1, 40, 'PR009163', 'CHAVEZ ESTRADA, LESLIE VICTORIA', 0, 1),
(115, 1, 40, 'PR009239', 'MALLMA  RODAS  WILMER JESUS', 0, 1),
(116, 1, 40, 'PR009237', 'MARTINEZ  CHAVEZ  DIKHARLA YVONNE', 0, 1),
(117, 1, 41, 'PR008672', 'NOVOA CHANG, FERNANDO JAVIER', 0, 1),
(118, 1, 42, 'PR008667', 'PASTOR SERRA, CHRISTIAN EDUARDO', 0, 1),
(119, 1, 42, 'PR001100', 'MENDOZA NOEL, JULIO ENRIQUE', 0, 1),
(120, 1, 42, 'PR009200', 'PERALES ANA ELIZABETH', 0, 1),
(121, 1, 42, 'PR009204', 'ALCAZAR ANCIETA RICARDO ALEJANDRO', 0, 1),
(122, 1, 42, 'PR009250', 'RUIZ MORELLA', 0, 1),
(123, 1, 42, 'PR009212', 'CRUZ BARDALES EVELYN', 0, 1),
(124, 1, 43, 'PR009011', 'KANAI TANAKA, RICARDO RAPHAEL', 0, 1),
(125, 1, 43, 'PR009206', 'PADILLA RICARDO', 0, 1),
(126, 1, 43, 'PR009220', 'CHAVEZ SILVANA', 0, 1),
(127, 1, 43, 'PR009249', 'GINOCCHIO PAREDES EDITH ANGELICA VICTORIA', 0, 1),
(128, 1, 43, 'PR009105', 'BENAVIDES ALAYZA, ALVARO', 0, 1),
(129, 1, 43, 'PR009254', 'ALTAMIRANO JOSE', 0, 1),
(130, 1, 44, 'PR009291', 'CASTILLO CASTRO JOSE MIGUEL', 0, 1),
(131, 1, 45, 'PR009331', 'NAMUCHE, MARTIN', 0, 1),
(132, 1, 45, 'PR009103', 'BERNABE ESCOBEDO, SERGIO', 1, 1),
(133, 1, 45, 'PR009177', 'CALDERON PUERTAS, ALFREDO', 0, 1),
(134, 1, 45, 'PR008997', 'REATEGUI RODRIGUEZ, JAVIER AUGUSTO', 0, 1),
(135, 1, 45, 'PR009287', 'RABANAL RABANAL JOSE ANDRES', 1, 1),
(136, 1, 46, 'PR001724', 'MIRANDA OVALLE, EDUARDO IVAN', 0, 1),
(137, 1, 46, 'PR009317', 'SERNA ALVARADO GIANPIERRE', 0, 1),
(138, 3, 34, 'PR001847', 'OBREGON UNCIHUAY, CELIA FABIANA', 0, 1),
(139, 3, 34, 'PR008200', 'ZE?A QUICHIS, HECTOR ALONSO', 1, 1);

-- --------------------------------------------------------

--
-- 테이블 구조 `location`
--

CREATE TABLE `location` (
  `location_id` int(11) NOT NULL,
  `location` varchar(15) NOT NULL,
  `valid` tinyint(1) NOT NULL DEFAULT 1
) ENGINE=InnoDB DEFAULT CHARSET=utf8;

--
-- 테이블의 덤프 데이터 `location`
--

INSERT INTO `location` (`location_id`, `location`, `valid`) VALUES
(1, 'San Isidro', 1),
(2, 'LGC', 1),
(3, 'VES', 1);

-- --------------------------------------------------------

--
-- 테이블 구조 `organization`
--

CREATE TABLE `organization` (
  `organization_id` int(11) NOT NULL,
  `subsidiary_id` int(11) NOT NULL,
  `organization` varchar(50) NOT NULL,
  `valid` tinyint(1) NOT NULL DEFAULT 1
) ENGINE=InnoDB DEFAULT CHARSET=utf8;

--
-- 테이블의 덤프 데이터 `organization`
--

INSERT INTO `organization` (`organization_id`, `subsidiary_id`, `organization`, `valid`) VALUES
(1, 1, 'CFO', 1),
(2, 1, 'GTM', 1),
(3, 1, 'MARKETING', 1),
(4, 1, 'PRODUCTO AC', 1),
(5, 1, 'PRODUCTO CAV', 1),
(6, 1, 'PRODUCTO HA', 1),
(7, 1, 'PRODUCTO IT ID', 1),
(8, 1, 'PRODUCTO TV', 1),
(9, 1, 'RRHH', 1),
(10, 1, 'SVC', 1),
(11, 1, 'Ventas AC', 1),
(12, 1, 'Ventas B2B', 1),
(13, 1, 'Ventas B2B2C', 1),
(14, 1, 'VENTAS CE', 1),
(15, 1, 'Ventas ID', 1),
(16, 1, 'Ventas IT ', 1);

-- --------------------------------------------------------

--
-- 테이블 구조 `subsidiary`
--

CREATE TABLE `subsidiary` (
  `subsidiary_id` int(11) NOT NULL,
  `subsidiary` varchar(100) NOT NULL,
  `valid` tinyint(1) NOT NULL DEFAULT 1
) ENGINE=InnoDB DEFAULT CHARSET=utf8;

--
-- 테이블의 덤프 데이터 `subsidiary`
--

INSERT INTO `subsidiary` (`subsidiary_id`, `subsidiary`, `valid`) VALUES
(1, 'LGEPRA', 1);

-- --------------------------------------------------------

--
-- 테이블 구조 `vacation`
--

CREATE TABLE `vacation` (
  `vacation_id` int(11) NOT NULL,
  `type_id` int(11) NOT NULL,
  `employee_id` int(11) NOT NULL,
  `date_from` date DEFAULT NULL,
  `date_to` date DEFAULT NULL,
  `day_count` float NOT NULL,
  `register` timestamp NOT NULL DEFAULT current_timestamp(),
  `valid` tinyint(1) NOT NULL DEFAULT 1
) ENGINE=InnoDB DEFAULT CHARSET=utf8;

--
-- 테이블의 덤프 데이터 `vacation`
--

INSERT INTO `vacation` (`vacation_id`, `type_id`, `employee_id`, `date_from`, `date_to`, `day_count`, `register`, `valid`) VALUES
(1, 1, 42, '2024-01-02', '2024-01-02', 1, '2024-01-16 05:00:00', 1),
(2, 1, 121, '2024-01-02', '2024-01-02', 1, '2023-12-06 05:00:00', 1),
(3, 1, 128, '2024-01-02', '2024-01-02', 1, '2023-12-13 05:00:00', 1),
(4, 1, 124, '2024-01-02', '2024-01-02', 1, '2023-12-13 05:00:00', 1),
(5, 1, 127, '2024-01-02', '2024-01-02', 1, '2023-12-14 05:00:00', 1),
(6, 1, 80, '2024-01-02', '2024-01-02', 1, '2024-01-16 05:00:00', 1),
(7, 1, 132, '2024-01-02', '2024-01-02', 1, '2023-12-21 05:00:00', 1),
(8, 1, 73, '2024-01-02', '2024-01-02', 1, '2023-12-22 05:00:00', 1),
(9, 1, 45, '2024-01-02', '2024-01-02', 1, '2023-12-15 05:00:00', 1),
(10, 1, 47, '2024-01-02', '2024-01-02', 1, '2023-12-12 05:00:00', 1),
(11, 1, 110, '2024-01-02', '2024-01-02', 1, '2023-12-30 05:00:00', 1),
(12, 1, 55, '2024-01-02', '2024-01-02', 1, '2023-11-28 05:00:00', 1),
(13, 1, 57, '2024-01-02', '2024-01-02', 1, '2023-12-13 05:00:00', 1),
(14, 1, 118, '2024-01-02', '2024-01-03', 2, '2023-12-15 05:00:00', 1),
(15, 1, 120, '2024-01-02', '2024-01-03', 2, '2023-12-28 05:00:00', 1),
(16, 1, 122, '2024-01-02', '2024-01-03', 2, '2023-12-27 05:00:00', 1),
(17, 1, 53, '2024-01-02', '2024-01-03', 2, '2023-12-29 05:00:00', 1),
(18, 1, 123, '2024-01-02', '2024-01-05', 4, '2023-12-06 05:00:00', 1),
(19, 1, 125, '2024-01-02', '2024-01-05', 4, '2023-12-14 05:00:00', 1),
(20, 1, 133, '2024-01-02', '2024-01-05', 4, '2023-12-21 05:00:00', 1),
(21, 1, 72, '2024-01-02', '2024-01-05', 4, '2023-12-19 05:00:00', 1),
(22, 1, 32, '2024-01-02', '2024-01-05', 4, '2023-12-29 05:00:00', 1),
(23, 1, 49, '2024-01-02', '2024-01-05', 4, '2023-12-20 05:00:00', 1),
(24, 1, 51, '2024-01-02', '2024-01-05', 4, '2023-12-23 05:00:00', 1),
(25, 1, 109, '2024-01-02', '2024-01-05', 4, '2023-12-14 05:00:00', 1),
(26, 1, 107, '2024-01-02', '2024-01-05', 4, '2024-01-16 05:00:00', 1),
(27, 1, 126, '2024-01-02', '2024-01-08', 7, '2023-12-14 05:00:00', 1),
(28, 1, 50, '2024-01-03', '2024-01-03', 1, '2023-12-30 05:00:00', 1),
(29, 1, 78, '2024-01-04', '2024-01-05', 2, '2024-01-03 05:00:00', 1),
(30, 1, 31, '2024-01-05', '2024-01-05', 1, '2024-01-05 05:00:00', 1),
(31, 1, 10, '2024-01-05', '2024-01-05', 1, '2024-01-05 05:00:00', 1),
(32, 1, 28, '2024-01-05', '2024-01-05', 1, '2024-01-05 05:00:00', 1),
(33, 1, 2, '2024-01-08', '2024-01-08', 1, '2024-01-06 05:00:00', 1),
(34, 1, 123, '2024-01-08', '2024-01-08', 1, '2024-01-10 05:00:00', 1),
(35, 1, 29, '2024-01-08', '2024-01-08', 1, '2024-01-05 05:00:00', 1),
(36, 1, 28, '2024-01-08', '2024-01-08', 1, '2024-01-08 05:00:00', 1),
(37, 1, 49, '2024-01-08', '2024-01-10', 3, '2023-12-20 05:00:00', 1),
(38, 1, 130, '2024-01-08', '2024-01-12', 5, '2024-01-03 05:00:00', 1),
(39, 1, 51, '2024-01-08', '2024-01-12', 5, '2023-12-23 05:00:00', 1),
(40, 1, 57, '2024-01-08', '2024-01-12', 5, '2024-01-06 05:00:00', 1),
(41, 2, 104, '2024-01-09', '2024-01-09', 0.5, '2024-01-08 05:00:00', 1),
(42, 1, 106, '2024-01-09', '2024-01-10', 2, '2024-01-03 05:00:00', 1),
(43, 1, 104, '2024-01-10', '2024-01-11', 2, '2024-01-08 05:00:00', 1),
(44, 1, 52, '2024-01-10', '2024-01-12', 3, '2024-01-10 05:00:00', 1),
(45, 3, 127, '2024-01-11', '2024-01-11', 0.5, '2024-01-09 05:00:00', 1),
(46, 1, 49, '2024-01-11', '2024-01-12', 2, '2024-01-11 05:00:00', 1),
(47, 2, 120, '2024-01-12', '2024-01-12', 0.5, '2024-01-04 05:00:00', 1),
(48, 2, 122, '2024-01-12', '2024-01-12', 0.5, '2024-01-04 05:00:00', 1),
(49, 3, 46, '2024-01-12', '2024-01-12', 0.5, '2024-01-13 05:00:00', 1),
(50, 2, 37, '2024-01-12', '2024-01-12', 0.5, '2024-01-10 05:00:00', 1),
(51, 2, 5, '2024-01-12', '2024-01-12', 0.5, '2024-01-13 05:00:00', 1),
(52, 1, 123, '2024-01-12', '2024-01-12', 1, '2024-01-17 05:00:00', 1),
(53, 1, 126, '2024-01-12', '2024-01-12', 1, '2024-01-12 05:00:00', 1),
(54, 1, 119, '2024-01-15', '2024-01-15', 1, '2024-01-13 05:00:00', 1),
(55, 1, 132, '2024-01-15', '2024-01-15', 1, '2023-12-21 05:00:00', 1),
(56, 1, 60, '2024-01-15', '2024-01-15', 1, '2024-01-13 05:00:00', 1),
(57, 1, 39, '2024-01-15', '2024-01-15', 1, '2024-01-03 05:00:00', 1),
(58, 1, 47, '2024-01-15', '2024-01-16', 2, '2024-01-11 05:00:00', 1),
(59, 1, 52, '2024-01-15', '2024-01-17', 3, '2024-01-10 05:00:00', 1),
(60, 1, 36, '2024-01-15', '2024-01-17', 3, '2024-02-07 05:00:00', 1),
(61, 1, 2, '2024-01-15', '2024-01-19', 5, '2024-01-13 05:00:00', 1),
(62, 3, 79, '2024-01-16', '2024-01-16', 0.5, '2024-01-16 05:00:00', 1),
(63, 1, 41, '2024-01-16', '2024-01-19', 4, '2024-01-13 05:00:00', 1),
(64, 1, 28, '2024-01-17', '2024-01-19', 3, '2024-01-17 05:00:00', 1),
(65, 3, 7, '2024-01-18', '2024-01-18', 0.5, '2024-01-18 05:00:00', 1),
(66, 1, 10, '2024-01-18', '2024-01-18', 1, '2024-01-18 05:00:00', 1),
(67, 3, 120, '2024-01-19', '2024-01-19', 0.5, '2024-01-09 05:00:00', 1),
(68, 2, 129, '2024-01-19', '2024-01-19', 0.5, '2024-01-06 05:00:00', 1),
(69, 3, 132, '2024-01-19', '2024-01-19', 0.5, '2024-01-19 05:00:00', 1),
(70, 2, 133, '2024-01-19', '2024-01-19', 0.5, '2024-01-17 05:00:00', 1),
(71, 2, 72, '2024-01-19', '2024-01-19', 0.5, '2024-02-07 05:00:00', 1),
(72, 2, 50, '2024-01-19', '2024-01-19', 0.5, '2024-01-16 05:00:00', 1),
(73, 2, 37, '2024-01-19', '2024-01-19', 0.5, '2024-01-18 05:00:00', 1),
(74, 1, 134, '2024-01-19', '2024-01-19', 1, '2024-01-19 05:00:00', 1),
(75, 1, 13, '2024-01-22', '2024-01-23', 2, '2024-01-18 05:00:00', 1),
(76, 1, 50, '2024-01-22', '2024-01-23', 2, '2024-01-16 05:00:00', 1),
(77, 2, 45, '2024-01-25', '2024-01-25', 0.5, '2024-01-25 05:00:00', 1),
(78, 3, 5, '2024-01-25', '2024-01-25', 0.5, '2024-01-25 05:00:00', 1),
(79, 1, 80, '2024-01-25', '2024-01-25', 1, '2024-01-24 05:00:00', 1),
(80, 1, 133, '2024-01-25', '2024-01-25', 1, '2024-01-23 05:00:00', 1),
(81, 1, 60, '2024-01-25', '2024-01-26', 2, '2024-01-25 05:00:00', 1),
(82, 1, 10, '2024-01-25', '2024-01-31', 7, '2024-01-25 05:00:00', 1),
(83, 3, 79, '2024-01-26', '2024-01-26', 0.5, '2024-01-26 05:00:00', 1),
(84, 1, 17, '2024-01-26', '2024-01-26', 1, '2024-01-12 05:00:00', 1),
(85, 1, 129, '2024-01-26', '2024-01-26', 1, '2024-01-25 05:00:00', 1),
(86, 1, 33, '2024-01-26', '2024-01-26', 1, '2024-01-12 05:00:00', 1),
(87, 1, 135, '2024-01-29', '2024-01-30', 2, '2024-01-17 05:00:00', 1),
(88, 1, 37, '2024-01-29', '2024-01-30', 2, '2024-01-24 05:00:00', 1),
(89, 1, 17, '2024-01-29', '2024-02-02', 5, '2024-01-12 05:00:00', 1),
(90, 1, 18, '2024-01-29', '2024-02-02', 5, '2024-01-06 05:00:00', 1),
(91, 1, 59, '2024-01-29', '2024-02-02', 5, '2024-02-07 05:00:00', 1),
(92, 1, 51, '2024-01-30', '2024-01-30', 1, '2024-01-29 05:00:00', 1),
(93, 3, 80, '2024-01-31', '2024-01-31', 0.5, '2024-01-31 05:00:00', 1),
(94, 1, 21, '2024-01-31', '2024-01-31', 1, '2024-01-30 05:00:00', 1),
(95, 3, 124, '2024-02-01', '2024-02-01', 0.5, '2024-02-01 05:00:00', 1),
(96, 1, 134, '2024-02-01', '2024-02-05', 5, '2023-12-15 05:00:00', 1),
(97, 1, 73, '2024-02-01', '2024-02-09', 9, '2023-12-22 05:00:00', 1),
(98, 1, 118, '2024-02-02', '2024-02-02', 1, '2024-01-30 05:00:00', 1),
(99, 1, 122, '2024-02-02', '2024-02-02', 1, '2024-01-30 05:00:00', 1),
(100, 1, 72, '2024-02-02', '2024-02-02', 1, '2024-02-07 05:00:00', 1),
(101, 1, 33, '2024-02-02', '2024-02-02', 1, '2024-01-30 05:00:00', 1),
(102, 1, 32, '2024-02-02', '2024-02-06', 5, '2024-02-02 05:00:00', 1),
(103, 2, 51, '2024-02-05', '2024-02-05', 0.5, '2024-02-05 05:00:00', 1),
(104, 1, 57, '2024-02-05', '2024-02-05', 1, '2024-02-06 05:00:00', 1),
(105, 1, 18, '2024-02-05', '2024-02-09', 5, '2024-01-06 05:00:00', 1),
(106, 1, 104, '2024-02-05', '2024-02-09', 5, '2024-02-01 05:00:00', 1),
(107, 1, 28, '2024-02-05', '2024-02-09', 5, '2024-02-05 05:00:00', 1),
(108, 1, 45, '2024-02-05', '2024-02-16', 12, '2024-01-04 05:00:00', 1),
(109, 3, 62, '2024-02-06', '2024-02-06', 0.5, '2024-02-07 05:00:00', 1),
(110, 3, 33, '2024-02-06', '2024-02-06', 0.5, '2024-02-06 05:00:00', 1),
(111, 3, 36, '2024-02-06', '2024-02-06', 0.5, '2024-02-06 05:00:00', 1),
(112, 1, 2, '2024-02-06', '2024-02-07', 2, '2024-02-06 05:00:00', 1),
(113, 1, 80, '2024-02-07', '2024-02-07', 1, '2024-02-07 05:00:00', 1),
(114, 1, 124, '2024-02-08', '2024-02-08', 1, '2024-02-01 05:00:00', 1),
(115, 1, 121, '2024-02-09', '2024-02-09', 1, '2024-01-23 05:00:00', 1),
(116, 1, 123, '2024-02-09', '2024-02-09', 1, '2024-02-07 05:00:00', 1),
(117, 1, 129, '2024-02-12', '2024-02-12', 1, '2024-01-31 05:00:00', 1),
(118, 1, 30, '2024-02-12', '2024-02-13', 2, '2024-02-05 05:00:00', 1),
(119, 1, 55, '2024-02-12', '2024-02-14', 3, '2024-02-06 05:00:00', 1),
(120, 1, 18, '2024-02-12', '2024-02-16', 5, '2024-01-06 05:00:00', 1),
(121, 1, 79, '2024-02-13', '2024-02-15', 3, '2024-02-08 05:00:00', 1),
(122, 3, 129, '2024-02-14', '2024-02-14', 0.5, '2024-01-30 05:00:00', 1),
(123, 1, 135, '2024-02-14', '2024-02-15', 2, '2024-01-17 05:00:00', 1),
(124, 1, 106, '2024-02-14', '2024-02-16', 3, '2024-02-06 05:00:00', 1),
(125, 1, 37, '2024-02-15', '2024-02-15', 1, '2024-02-09 05:00:00', 1),
(126, 1, 121, '2024-02-15', '2024-02-16', 2, '2024-01-23 05:00:00', 1),
(127, 1, 122, '2024-02-15', '2024-02-16', 2, '2024-01-23 05:00:00', 1),
(128, 1, 124, '2024-02-15', '2024-02-21', 7, '2024-02-01 05:00:00', 1),
(129, 2, 125, '2024-02-16', '2024-02-16', 0.5, '2024-01-16 05:00:00', 1),
(130, 1, 36, '2024-02-19', '2024-02-21', 3, '2024-02-06 05:00:00', 1),
(131, 1, 18, '2024-02-19', '2024-02-23', 5, '2024-01-06 05:00:00', 1),
(132, 3, 125, '2024-02-21', '2024-02-21', 0.5, '2024-01-16 05:00:00', 1),
(133, 1, 23, '2024-02-21', '2024-02-22', 2, '2024-02-09 05:00:00', 1),
(134, 1, 106, '2024-02-21', '2024-02-23', 3, '2024-02-06 05:00:00', 1),
(135, 1, 127, '2024-02-22', '2024-02-23', 2, '2024-02-09 05:00:00', 1),
(136, 1, 37, '2024-02-26', '2024-02-26', 1, '2024-02-09 05:00:00', 1),
(137, 1, 23, '2024-03-04', '2024-03-05', 2, '2024-02-09 05:00:00', 1),
(138, 1, 135, '2024-03-25', '2024-03-25', 1, '2024-01-17 05:00:00', 1),
(139, 1, 54, '2024-03-25', '2024-03-27', 3, '2024-02-06 05:00:00', 1),
(140, 1, 126, '2024-04-01', '2024-04-01', 1, '2024-02-09 05:00:00', 1),
(141, 1, 37, '2024-04-15', '2024-04-19', 5, '2024-02-09 05:00:00', 1),
(142, 1, 62, '2024-05-02', '2024-05-03', 2, '2024-01-04 05:00:00', 1),
(143, 1, 46, '2024-05-02', '2024-05-03', 2, '2024-02-03 05:00:00', 1),
(144, 1, 62, '2024-05-06', '2024-05-07', 2, '2024-01-04 05:00:00', 1),
(145, 1, 46, '2024-05-06', '2024-05-10', 5, '2024-02-03 05:00:00', 1),
(146, 1, 29, '2024-05-06', '2024-05-10', 5, '2024-02-08 05:00:00', 1),
(147, 1, 37, '2024-05-13', '2024-05-13', 1, '2024-02-09 05:00:00', 1),
(148, 1, 125, '2024-05-13', '2024-05-17', 5, '2024-01-16 05:00:00', 1),
(149, 1, 46, '2024-05-13', '2024-05-17', 5, '2024-02-05 05:00:00', 1),
(150, 1, 23, '2024-05-13', '2024-05-17', 5, '2024-02-09 05:00:00', 1),
(151, 1, 46, '2024-05-20', '2024-05-22', 3, '2024-02-03 05:00:00', 1),
(152, 1, 22, '2024-05-22', '2024-05-24', 3, '2024-02-09 05:00:00', 1),
(153, 1, 22, '2024-05-27', '2024-05-28', 2, '2024-02-09 05:00:00', 1),
(154, 1, 37, '2024-06-17', '2024-06-17', 1, '2024-02-09 05:00:00', 1),
(155, 1, 22, '2024-07-15', '2024-07-19', 5, '2024-02-09 05:00:00', 1),
(156, 1, 23, '2024-07-30', '2024-07-31', 2, '2024-02-09 05:00:00', 1),
(157, 1, 23, '2024-08-01', '2024-08-02', 2, '2024-02-09 05:00:00', 1),
(158, 1, 23, '2024-08-05', '2024-08-05', 1, '2024-02-09 05:00:00', 1),
(159, 1, 23, '2024-08-07', '2024-08-09', 3, '2024-02-09 05:00:00', 1),
(160, 1, 126, '2024-09-13', '2024-09-23', 11, '2024-02-09 05:00:00', 1),
(161, 1, 22, '2024-09-30', '2024-10-04', 5, '2024-02-09 05:00:00', 1),
(162, 1, 62, '2024-10-01', '2024-10-04', 4, '2024-01-04 05:00:00', 1),
(163, 1, 62, '2024-10-07', '2024-10-07', 1, '2024-01-04 05:00:00', 1),
(164, 1, 62, '2024-10-09', '2024-10-11', 3, '2024-01-04 05:00:00', 1),
(165, 1, 23, '2024-10-14', '2024-10-18', 5, '2024-02-09 05:00:00', 1),
(166, 1, 62, '2024-10-30', '2024-10-31', 2, '2024-01-17 05:00:00', 1),
(167, 1, 62, '2024-11-04', '2024-11-05', 2, '2024-01-17 05:00:00', 1),
(168, 1, 22, '2024-11-28', '2024-11-29', 2, '2024-02-09 05:00:00', 1),
(169, 1, 80, '2024-12-02', '2024-12-02', 1, '2023-12-14 05:00:00', 1),
(170, 1, 22, '2024-12-02', '2024-12-06', 5, '2024-02-09 05:00:00', 1),
(171, 1, 54, '2024-12-23', '2025-01-03', 12, '2024-02-06 05:00:00', 1);

-- --------------------------------------------------------

--
-- 테이블 구조 `vacation_type`
--

CREATE TABLE `vacation_type` (
  `type_id` int(11) NOT NULL,
  `type` varchar(15) NOT NULL,
  `valid` tinyint(4) NOT NULL DEFAULT 1
) ENGINE=InnoDB DEFAULT CHARSET=utf8;

--
-- 테이블의 덤프 데이터 `vacation_type`
--

INSERT INTO `vacation_type` (`type_id`, `type`, `valid`) VALUES
(1, 'All', 1),
(2, 'Morning', 1),
(3, 'Afternoon', 1);

-- --------------------------------------------------------

--
-- 테이블 구조 `working_hour`
--

CREATE TABLE `working_hour` (
  `working_hour_id` int(11) NOT NULL,
  `employee_id` int(11) NOT NULL,
  `wh_option_id` int(11) NOT NULL,
  `date_from` date NOT NULL,
  `date_to` date NOT NULL,
  `register` timestamp NOT NULL DEFAULT current_timestamp(),
  `valid` tinyint(1) NOT NULL DEFAULT 1
) ENGINE=InnoDB DEFAULT CHARSET=utf8;

--
-- 테이블의 덤프 데이터 `working_hour`
--

INSERT INTO `working_hour` (`working_hour_id`, `employee_id`, `wh_option_id`, `date_from`, `date_to`, `register`, `valid`) VALUES
(1, 1, 7, '2000-01-01', '2200-01-01', '2024-03-18 00:23:43', 1),
(2, 2, 5, '2000-01-01', '2200-01-01', '2024-03-18 00:23:43', 1),
(3, 3, 7, '2000-01-01', '2200-01-01', '2024-03-18 00:23:43', 1),
(4, 4, 5, '2000-01-01', '2200-01-01', '2024-03-18 00:23:43', 1),
(5, 5, 7, '2000-01-01', '2200-01-01', '2024-03-18 00:23:43', 1),
(6, 6, 3, '2000-01-01', '2024-02-11', '2024-03-18 00:23:43', 1),
(7, 6, 4, '2024-02-12', '2200-01-01', '2024-03-18 00:23:43', 1),
(8, 7, 7, '2000-01-01', '2200-01-01', '2024-03-18 00:23:43', 1),
(9, 8, 2, '2000-01-01', '2200-01-01', '2024-03-18 00:23:43', 1),
(10, 9, 2, '2000-01-01', '2200-01-01', '2024-03-18 00:23:43', 1),
(11, 10, 3, '2000-01-01', '2200-01-01', '2024-03-18 00:23:43', 1),
(12, 11, 5, '2000-01-01', '2200-01-01', '2024-03-18 00:23:43', 1),
(13, 12, 4, '2000-01-01', '2200-01-01', '2024-03-18 00:23:43', 1),
(14, 13, 4, '2000-01-01', '2200-01-01', '2024-03-18 00:23:43', 1),
(15, 14, 3, '2000-01-01', '2200-01-01', '2024-03-18 00:23:43', 1),
(16, 15, 4, '2000-01-01', '2200-01-01', '2024-03-18 00:23:43', 1),
(17, 16, 5, '2000-01-01', '2200-01-01', '2024-03-18 00:23:43', 1),
(18, 17, 4, '2000-01-01', '2200-01-01', '2024-03-18 00:23:43', 1),
(19, 18, 5, '2000-01-01', '2200-01-01', '2024-03-18 00:23:43', 1),
(20, 19, 5, '2000-01-01', '2200-01-01', '2024-03-18 00:23:43', 1),
(21, 20, 4, '2000-01-01', '2024-02-25', '2024-03-18 00:23:43', 1),
(22, 20, 5, '2024-02-26', '2200-01-01', '2024-03-18 00:23:43', 1),
(23, 21, 3, '2000-01-01', '2200-01-01', '2024-03-18 00:23:43', 1),
(24, 22, 4, '2000-01-01', '2200-01-01', '2024-03-18 00:23:43', 1),
(25, 23, 4, '2000-01-01', '2200-01-01', '2024-03-18 00:23:43', 1),
(26, 24, 5, '2000-01-01', '2200-01-01', '2024-03-18 00:23:43', 1),
(27, 25, 5, '2000-01-01', '2200-01-01', '2024-03-18 00:23:43', 1),
(28, 26, 3, '2000-01-01', '2200-01-01', '2024-03-18 00:23:43', 1),
(29, 27, 3, '2000-01-01', '2200-01-01', '2024-03-18 00:23:43', 1),
(30, 28, 4, '2000-01-01', '2200-01-01', '2024-03-18 00:23:43', 1),
(31, 29, 3, '2000-01-01', '2200-01-01', '2024-03-18 00:23:43', 1),
(32, 30, 3, '2000-01-01', '2200-01-01', '2024-03-18 00:23:43', 1),
(33, 31, 2, '2000-01-01', '2200-01-01', '2024-03-18 00:23:43', 1),
(34, 32, 2, '2000-01-01', '2200-01-01', '2024-03-18 00:23:43', 1),
(35, 33, 4, '2000-01-01', '2200-01-01', '2024-03-18 00:23:43', 1),
(36, 34, 2, '2000-01-01', '2200-01-01', '2024-03-18 00:23:43', 1),
(37, 35, 5, '2000-01-01', '2200-01-01', '2024-03-18 00:23:43', 1),
(38, 36, 2, '2000-01-01', '2200-01-01', '2024-03-18 00:23:43', 1),
(39, 37, 7, '2000-01-01', '2200-01-01', '2024-03-18 00:23:43', 1),
(40, 38, 4, '2000-01-01', '2200-01-01', '2024-03-18 00:23:43', 1),
(41, 39, 4, '2000-01-01', '2200-01-01', '2024-03-18 00:23:43', 1),
(42, 40, 7, '2000-01-01', '2200-01-01', '2024-03-18 00:23:43', 1),
(43, 41, 4, '2000-01-01', '2200-01-01', '2024-03-18 00:23:43', 1),
(44, 42, 4, '2000-01-01', '2200-01-01', '2024-03-18 00:23:43', 1),
(45, 43, 5, '2000-01-01', '2200-01-01', '2024-03-18 00:23:43', 1),
(46, 44, 3, '2000-01-01', '2200-01-01', '2024-03-18 00:23:43', 1),
(47, 45, 3, '2000-01-01', '2200-01-01', '2024-03-18 00:23:43', 1),
(48, 46, 5, '2000-01-01', '2200-01-01', '2024-03-18 00:23:43', 1),
(49, 47, 2, '2000-01-01', '2200-01-01', '2024-03-18 00:23:43', 1),
(50, 48, 2, '2000-01-01', '2200-01-01', '2024-03-18 00:23:43', 1),
(51, 49, 4, '2000-01-01', '2200-01-01', '2024-03-18 00:23:43', 1),
(52, 50, 4, '2000-01-01', '2200-01-01', '2024-03-18 00:23:43', 1),
(53, 51, 1, '2000-01-01', '2200-01-01', '2024-03-18 00:23:43', 1),
(54, 52, 5, '2000-01-01', '2200-01-01', '2024-03-18 00:23:43', 1),
(55, 53, 4, '2000-01-01', '2200-01-01', '2024-03-18 00:23:43', 1),
(56, 54, 5, '2000-01-01', '2200-01-01', '2024-03-18 00:23:43', 1),
(57, 55, 4, '2000-01-01', '2200-01-01', '2024-03-18 00:23:43', 1),
(58, 56, 2, '2000-01-01', '2200-01-01', '2024-03-18 00:23:43', 1),
(59, 57, 2, '2000-01-01', '2200-01-01', '2024-03-18 00:23:43', 1),
(60, 58, 5, '2000-01-01', '2200-01-01', '2024-03-18 00:23:43', 1),
(61, 59, 2, '2000-01-01', '2200-01-01', '2024-03-18 00:23:43', 1),
(62, 60, 5, '2000-01-01', '2200-01-01', '2024-03-18 00:23:43', 1),
(63, 61, 5, '2000-01-01', '2200-01-01', '2024-03-18 00:23:43', 1),
(64, 62, 3, '2000-01-01', '2200-01-01', '2024-03-18 00:23:43', 1),
(65, 63, 4, '2000-01-01', '2200-01-01', '2024-03-18 00:23:43', 1),
(66, 64, 5, '2000-01-01', '2200-01-01', '2024-03-18 00:23:43', 1),
(67, 65, 4, '2000-01-01', '2200-01-01', '2024-03-18 00:23:43', 1),
(68, 66, 4, '2000-01-01', '2200-01-01', '2024-03-18 00:23:43', 1),
(69, 67, 5, '2000-01-01', '2200-01-01', '2024-03-18 00:23:43', 1),
(70, 68, 4, '2000-01-01', '2200-01-01', '2024-03-18 00:23:43', 1),
(71, 69, 5, '2000-01-01', '2200-01-01', '2024-03-18 00:23:43', 1),
(72, 70, 5, '2000-01-01', '2200-01-01', '2024-03-18 00:23:43', 1),
(73, 71, 4, '2000-01-01', '2200-01-01', '2024-03-18 00:23:43', 1),
(74, 72, 6, '2000-01-01', '2200-01-01', '2024-03-18 00:23:43', 1),
(75, 73, 5, '2000-01-01', '2200-01-01', '2024-03-18 00:23:43', 1),
(76, 74, 4, '2000-01-01', '2200-01-01', '2024-03-18 00:23:43', 1),
(77, 75, 3, '2000-01-01', '2200-01-01', '2024-03-18 00:23:43', 1),
(78, 76, 5, '2000-01-01', '2200-01-01', '2024-03-18 00:23:43', 1),
(79, 77, 3, '2000-01-01', '2200-01-01', '2024-03-18 00:23:43', 1),
(80, 78, 4, '2000-01-01', '2200-01-01', '2024-03-18 00:23:43', 1),
(81, 79, 3, '2000-01-01', '2200-01-01', '2024-03-18 00:23:43', 1),
(82, 80, 3, '2000-01-01', '2200-01-01', '2024-03-18 00:23:43', 1),
(83, 81, 5, '2000-01-01', '2200-01-01', '2024-03-18 00:23:43', 1),
(84, 82, 4, '2000-01-01', '2200-01-01', '2024-03-18 00:23:43', 1),
(85, 83, 4, '2000-01-01', '2200-01-01', '2024-03-18 00:23:43', 1),
(86, 84, 2, '2000-01-01', '2200-01-01', '2024-03-18 00:23:43', 1),
(87, 85, 4, '2000-01-01', '2200-01-01', '2024-03-18 00:23:43', 1),
(88, 86, 4, '2000-01-01', '2200-01-01', '2024-03-18 00:23:43', 1),
(89, 87, 4, '2000-01-01', '2200-01-01', '2024-03-18 00:23:43', 1),
(90, 88, 4, '2000-01-01', '2200-01-01', '2024-03-18 00:23:43', 1),
(91, 89, 4, '2000-01-01', '2200-01-01', '2024-03-18 00:23:43', 1),
(92, 90, 4, '2000-01-01', '2200-01-01', '2024-03-18 00:23:43', 1),
(93, 91, 4, '2000-01-01', '2200-01-01', '2024-03-18 00:23:43', 1),
(94, 92, 4, '2000-01-01', '2200-01-01', '2024-03-18 00:23:43', 1),
(95, 93, 4, '2000-01-01', '2200-01-01', '2024-03-18 00:23:43', 1),
(96, 94, 3, '2000-01-01', '2200-01-01', '2024-03-18 00:23:43', 1),
(97, 95, 4, '2000-01-01', '2200-01-01', '2024-03-18 00:23:43', 1),
(98, 96, 3, '2000-01-01', '2200-01-01', '2024-03-18 00:23:43', 1),
(99, 97, 4, '2000-01-01', '2200-01-01', '2024-03-18 00:23:43', 1),
(100, 98, 3, '2000-01-01', '2200-01-01', '2024-03-18 00:23:43', 1),
(101, 99, 5, '2000-01-01', '2200-01-01', '2024-03-18 00:23:43', 1),
(102, 100, 4, '2000-01-01', '2200-01-01', '2024-03-18 00:23:43', 1),
(103, 101, 4, '2000-01-01', '2200-01-01', '2024-03-18 00:23:43', 1),
(104, 102, 3, '2000-01-01', '2200-01-01', '2024-03-18 00:23:43', 1),
(105, 103, 4, '2000-01-01', '2200-01-01', '2024-03-18 00:23:43', 1),
(106, 104, 5, '2000-01-01', '2200-01-01', '2024-03-18 00:23:43', 1),
(107, 105, 5, '2000-01-01', '2200-01-01', '2024-03-18 00:23:43', 1),
(108, 106, 5, '2000-01-01', '2200-01-01', '2024-03-18 00:23:43', 1),
(109, 107, 4, '2000-01-01', '2200-01-01', '2024-03-18 00:23:43', 1),
(110, 108, 5, '2000-01-01', '2200-01-01', '2024-03-18 00:23:43', 1),
(111, 109, 5, '2000-01-01', '2200-01-01', '2024-03-18 00:23:43', 1),
(112, 110, 7, '2000-01-01', '2200-01-01', '2024-03-18 00:23:43', 1),
(113, 111, 5, '2000-01-01', '2200-01-01', '2024-03-18 00:23:43', 1),
(114, 112, 4, '2000-01-01', '2200-01-01', '2024-03-18 00:23:43', 1),
(115, 113, 4, '2000-01-01', '2200-01-01', '2024-03-18 00:23:43', 1),
(116, 114, 2, '2000-01-01', '2200-01-01', '2024-03-18 00:23:43', 1),
(117, 115, 4, '2000-01-01', '2200-01-01', '2024-03-18 00:23:43', 1),
(118, 116, 3, '2000-01-01', '2200-01-01', '2024-03-18 00:23:43', 1),
(119, 117, 5, '2000-01-01', '2200-01-01', '2024-03-18 00:23:43', 1),
(120, 118, 4, '2000-01-01', '2200-01-01', '2024-03-18 00:23:43', 1),
(121, 119, 1, '2000-01-01', '2200-01-01', '2024-03-18 00:23:43', 1),
(122, 120, 1, '2000-01-01', '2200-01-01', '2024-03-18 00:23:43', 1),
(123, 121, 5, '2000-01-01', '2200-01-01', '2024-03-18 00:23:43', 1),
(124, 122, 3, '2000-01-01', '2200-01-01', '2024-03-18 00:23:43', 1),
(125, 123, 4, '2000-01-01', '2200-01-01', '2024-03-18 00:23:43', 1),
(126, 124, 5, '2000-01-01', '2200-01-01', '2024-03-18 00:23:43', 1),
(127, 125, 3, '2000-01-01', '2200-01-01', '2024-03-18 00:23:43', 1),
(128, 126, 3, '2000-01-01', '2200-01-01', '2024-03-18 00:23:43', 1),
(129, 127, 3, '2000-01-01', '2200-01-01', '2024-03-18 00:23:43', 1),
(130, 128, 5, '2000-01-01', '2200-01-01', '2024-03-18 00:23:43', 1),
(131, 129, 2, '2000-01-01', '2200-01-01', '2024-03-18 00:23:43', 1),
(132, 130, 5, '2000-01-01', '2200-01-01', '2024-03-18 00:23:43', 1),
(133, 131, 5, '2000-01-01', '2200-01-01', '2024-03-18 00:23:43', 1),
(134, 132, 5, '2000-01-01', '2200-01-01', '2024-03-18 00:23:43', 1),
(135, 133, 5, '2000-01-01', '2200-01-01', '2024-03-18 00:23:43', 1),
(136, 134, 4, '2000-01-01', '2200-01-01', '2024-03-18 00:23:43', 1),
(137, 135, 4, '2000-01-01', '2200-01-01', '2024-03-18 00:23:43', 1),
(138, 136, 5, '2000-01-01', '2200-01-01', '2024-03-18 00:23:43', 1),
(139, 137, 5, '2000-01-01', '2200-01-01', '2024-03-18 00:23:43', 1),
(140, 138, 8, '2000-01-01', '2200-01-01', '2024-03-18 00:23:43', 1),
(141, 139, 8, '2000-01-01', '2200-01-01', '2024-03-18 00:23:43', 1);

-- --------------------------------------------------------

--
-- 테이블 구조 `working_hour_option`
--

CREATE TABLE `working_hour_option` (
  `option_id` int(11) NOT NULL,
  `entrance_time` time NOT NULL,
  `exit_time` time NOT NULL,
  `valid` tinyint(1) NOT NULL DEFAULT 1
) ENGINE=InnoDB DEFAULT CHARSET=utf8;

--
-- 테이블의 덤프 데이터 `working_hour_option`
--

INSERT INTO `working_hour_option` (`option_id`, `entrance_time`, `exit_time`, `valid`) VALUES
(1, '07:00:00', '17:00:00', 1),
(2, '07:30:00', '17:30:00', 1),
(3, '08:00:00', '18:00:00', 1),
(4, '08:30:00', '18:30:00', 1),
(5, '09:00:00', '19:00:00', 1),
(6, '09:15:00', '19:15:00', 1),
(7, '09:30:00', '19:30:00', 1),
(8, '09:00:00', '18:30:00', 1);

--
-- 덤프된 테이블의 인덱스
--

--
-- 테이블의 인덱스 `attendance`
--
ALTER TABLE `attendance`
  ADD PRIMARY KEY (`attendance_id`);

--
-- 테이블의 인덱스 `department`
--
ALTER TABLE `department`
  ADD PRIMARY KEY (`department_id`);

--
-- 테이블의 인덱스 `employee`
--
ALTER TABLE `employee`
  ADD PRIMARY KEY (`employee_id`);

--
-- 테이블의 인덱스 `location`
--
ALTER TABLE `location`
  ADD PRIMARY KEY (`location_id`);

--
-- 테이블의 인덱스 `organization`
--
ALTER TABLE `organization`
  ADD PRIMARY KEY (`organization_id`),
  ADD KEY `fk_org_sub` (`subsidiary_id`);

--
-- 테이블의 인덱스 `subsidiary`
--
ALTER TABLE `subsidiary`
  ADD PRIMARY KEY (`subsidiary_id`);

--
-- 테이블의 인덱스 `vacation`
--
ALTER TABLE `vacation`
  ADD PRIMARY KEY (`vacation_id`);

--
-- 테이블의 인덱스 `vacation_type`
--
ALTER TABLE `vacation_type`
  ADD PRIMARY KEY (`type_id`);

--
-- 테이블의 인덱스 `working_hour`
--
ALTER TABLE `working_hour`
  ADD PRIMARY KEY (`working_hour_id`);

--
-- 테이블의 인덱스 `working_hour_option`
--
ALTER TABLE `working_hour_option`
  ADD PRIMARY KEY (`option_id`);

--
-- 덤프된 테이블의 AUTO_INCREMENT
--

--
-- 테이블의 AUTO_INCREMENT `attendance`
--
ALTER TABLE `attendance`
  MODIFY `attendance_id` int(11) NOT NULL AUTO_INCREMENT;

--
-- 테이블의 AUTO_INCREMENT `department`
--
ALTER TABLE `department`
  MODIFY `department_id` int(11) NOT NULL AUTO_INCREMENT, AUTO_INCREMENT=47;

--
-- 테이블의 AUTO_INCREMENT `employee`
--
ALTER TABLE `employee`
  MODIFY `employee_id` int(11) NOT NULL AUTO_INCREMENT, AUTO_INCREMENT=140;

--
-- 테이블의 AUTO_INCREMENT `location`
--
ALTER TABLE `location`
  MODIFY `location_id` int(11) NOT NULL AUTO_INCREMENT, AUTO_INCREMENT=4;

--
-- 테이블의 AUTO_INCREMENT `organization`
--
ALTER TABLE `organization`
  MODIFY `organization_id` int(11) NOT NULL AUTO_INCREMENT, AUTO_INCREMENT=17;

--
-- 테이블의 AUTO_INCREMENT `subsidiary`
--
ALTER TABLE `subsidiary`
  MODIFY `subsidiary_id` int(11) NOT NULL AUTO_INCREMENT, AUTO_INCREMENT=2;

--
-- 테이블의 AUTO_INCREMENT `vacation`
--
ALTER TABLE `vacation`
  MODIFY `vacation_id` int(11) NOT NULL AUTO_INCREMENT, AUTO_INCREMENT=172;

--
-- 테이블의 AUTO_INCREMENT `vacation_type`
--
ALTER TABLE `vacation_type`
  MODIFY `type_id` int(11) NOT NULL AUTO_INCREMENT, AUTO_INCREMENT=6;

--
-- 테이블의 AUTO_INCREMENT `working_hour`
--
ALTER TABLE `working_hour`
  MODIFY `working_hour_id` int(11) NOT NULL AUTO_INCREMENT, AUTO_INCREMENT=142;

--
-- 테이블의 AUTO_INCREMENT `working_hour_option`
--
ALTER TABLE `working_hour_option`
  MODIFY `option_id` int(11) NOT NULL AUTO_INCREMENT, AUTO_INCREMENT=9;

--
-- 덤프된 테이블의 제약사항
--

--
-- 테이블의 제약사항 `organization`
--
ALTER TABLE `organization`
  ADD CONSTRAINT `fk_org_sub` FOREIGN KEY (`subsidiary_id`) REFERENCES `subsidiary` (`subsidiary_id`) ON DELETE CASCADE ON UPDATE CASCADE;
COMMIT;

/*!40101 SET CHARACTER_SET_CLIENT=@OLD_CHARACTER_SET_CLIENT */;
/*!40101 SET CHARACTER_SET_RESULTS=@OLD_CHARACTER_SET_RESULTS */;
/*!40101 SET COLLATION_CONNECTION=@OLD_COLLATION_CONNECTION */;
