-- phpMyAdmin SQL Dump
-- version 5.1.3
-- https://www.phpmyadmin.net/
--
-- Host: 127.0.0.1
-- 생성 시간: 24-03-20 23:52
-- 서버 버전: 10.4.24-MariaDB
-- PHP 버전: 7.4.29

SET SQL_MODE = "NO_AUTO_VALUE_ON_ZERO";
START TRANSACTION;
SET time_zone = "+00:00";


/*!40101 SET @OLD_CHARACTER_SET_CLIENT=@@CHARACTER_SET_CLIENT */;
/*!40101 SET @OLD_CHARACTER_SET_RESULTS=@@CHARACTER_SET_RESULTS */;
/*!40101 SET @OLD_COLLATION_CONNECTION=@@COLLATION_CONNECTION */;
/*!40101 SET NAMES utf8mb4 */;

--
-- 데이터베이스: `llamasys`
--

-- --------------------------------------------------------

--
-- 테이블 구조 `attendance`
--

CREATE TABLE `attendance` (
  `attendance_id` int(11) NOT NULL,
  `employee_id` int(11) NOT NULL,
  `date` date NOT NULL,
  `enter_time` time NOT NULL,
  `leave_time` time NOT NULL,
  `valid` tinyint(1) NOT NULL DEFAULT 1
) ENGINE=InnoDB DEFAULT CHARSET=utf8;

--
-- 테이블의 덤프 데이터 `attendance`
--

INSERT INTO `attendance` (`attendance_id`, `employee_id`, `date`, `enter_time`, `leave_time`, `valid`) VALUES
(1, 5, '2024-02-29', '09:26:00', '23:11:00', 1),
(2, 5, '2024-02-28', '09:28:00', '22:18:00', 1),
(3, 5, '2024-02-27', '09:21:00', '20:52:00', 1),
(4, 5, '2024-02-26', '09:29:00', '20:50:00', 1),
(5, 5, '2024-02-21', '09:21:00', '20:11:00', 1),
(6, 5, '2024-02-20', '09:23:00', '20:00:00', 1),
(7, 5, '2024-02-19', '09:24:00', '20:15:00', 1),
(8, 5, '2024-02-16', '08:27:00', '08:27:00', 1),
(9, 5, '2024-02-15', '09:24:00', '23:01:00', 1),
(10, 5, '2024-02-14', '09:19:00', '19:54:00', 1),
(11, 5, '2024-02-13', '10:27:00', '19:49:00', 1),
(12, 5, '2024-02-12', '09:28:00', '20:21:00', 1),
(13, 5, '2024-02-09', '08:38:00', '08:38:00', 1),
(14, 5, '2024-02-08', '09:27:00', '21:12:00', 1),
(15, 5, '2024-02-07', '09:04:00', '23:49:00', 1),
(16, 5, '2024-02-06', '09:01:00', '20:43:00', 1),
(17, 5, '2024-02-05', '09:19:00', '19:03:00', 1),
(18, 5, '2024-02-02', '00:21:00', '14:44:00', 1),
(19, 5, '2024-02-01', '10:56:00', '20:23:00', 1),
(20, 3, '2024-02-29', '09:23:00', '23:04:00', 1),
(21, 3, '2024-02-28', '09:15:00', '19:30:00', 1),
(22, 3, '2024-02-27', '09:21:00', '20:20:00', 1),
(23, 3, '2024-02-26', '09:19:00', '20:44:00', 1),
(24, 3, '2024-02-23', '09:10:00', '19:42:00', 1),
(25, 3, '2024-02-22', '09:07:00', '20:41:00', 1),
(26, 3, '2024-02-21', '09:10:00', '19:58:00', 1),
(27, 3, '2024-02-20', '09:14:00', '19:53:00', 1),
(28, 3, '2024-02-19', '09:08:00', '20:09:00', 1),
(29, 3, '2024-02-15', '08:58:00', '19:38:00', 1),
(30, 3, '2024-02-14', '09:04:00', '20:36:00', 1),
(31, 3, '2024-02-13', '09:19:00', '22:09:00', 1),
(32, 3, '2024-02-12', '09:20:00', '19:36:00', 1),
(33, 3, '2024-02-09', '08:25:00', '14:28:00', 1),
(34, 3, '2024-02-08', '09:22:00', '20:33:00', 1),
(35, 3, '2024-02-07', '09:15:00', '20:45:00', 1),
(36, 3, '2024-02-06', '09:17:00', '19:32:00', 1),
(37, 3, '2024-02-05', '09:28:00', '12:40:00', 1),
(38, 3, '2024-02-02', '00:23:00', '22:04:00', 1),
(39, 3, '2024-02-01', '09:17:00', '09:17:00', 1),
(40, 6, '2024-02-29', '08:21:00', '22:58:00', 1),
(41, 6, '2024-02-28', '08:04:00', '19:01:00', 1),
(42, 6, '2024-02-27', '08:27:00', '22:36:00', 1),
(43, 6, '2024-02-26', '08:09:00', '20:44:00', 1),
(44, 6, '2024-02-23', '08:12:00', '19:42:00', 1),
(45, 6, '2024-02-22', '08:16:00', '22:27:00', 1),
(46, 6, '2024-02-21', '08:16:00', '19:58:00', 1),
(47, 6, '2024-02-20', '08:33:00', '13:14:00', 1),
(48, 6, '2024-02-19', '08:20:00', '20:09:00', 1),
(49, 6, '2024-02-16', '08:13:00', '14:15:00', 1),
(50, 6, '2024-02-15', '08:04:00', '19:41:00', 1),
(51, 6, '2024-02-14', '07:57:00', '20:36:00', 1),
(52, 6, '2024-02-13', '07:46:00', '19:32:00', 1),
(53, 6, '2024-02-12', '08:05:00', '18:57:00', 1),
(54, 6, '2024-02-09', '07:46:00', '17:01:00', 1),
(55, 6, '2024-02-08', '07:55:00', '20:33:00', 1),
(56, 6, '2024-02-07', '07:47:00', '23:54:00', 1),
(57, 6, '2024-02-06', '07:44:00', '20:02:00', 1),
(58, 6, '2024-02-05', '07:44:00', '18:38:00', 1),
(59, 6, '2024-02-02', '00:10:00', '14:58:00', 1),
(60, 6, '2024-02-01', '10:56:00', '10:56:00', 1),
(61, 1, '2024-02-29', '09:28:00', '22:53:00', 1),
(62, 1, '2024-02-28', '09:24:00', '19:03:00', 1),
(63, 1, '2024-02-27', '09:28:00', '22:36:00', 1),
(64, 1, '2024-02-26', '09:13:00', '20:34:00', 1),
(65, 1, '2024-02-23', '09:23:00', '20:30:00', 1),
(66, 1, '2024-02-22', '09:07:00', '22:27:00', 1),
(67, 1, '2024-02-21', '09:37:00', '16:00:00', 1),
(68, 1, '2024-02-20', '09:11:00', '19:54:00', 1),
(69, 1, '2024-02-19', '09:27:00', '18:19:00', 1),
(70, 1, '2024-02-16', '08:29:00', '17:51:00', 1),
(71, 1, '2024-02-15', '09:46:00', '19:39:00', 1),
(72, 1, '2024-02-14', '00:12:00', '20:17:00', 1),
(73, 1, '2024-02-13', '09:24:00', '09:24:00', 1),
(74, 1, '2024-02-12', '09:23:00', '18:44:00', 1),
(75, 1, '2024-02-09', '09:00:00', '15:02:00', 1),
(76, 1, '2024-02-08', '09:33:00', '23:36:00', 1),
(77, 1, '2024-02-07', '08:39:00', '23:20:00', 1),
(78, 1, '2024-02-06', '09:37:00', '14:56:00', 1),
(79, 1, '2024-02-05', '09:23:00', '13:42:00', 1),
(80, 1, '2024-02-02', '02:26:00', '22:04:00', 1),
(81, 1, '2024-02-01', '00:39:00', '13:36:00', 1),
(82, 61, '2024-02-29', '08:43:00', '22:23:00', 1),
(83, 61, '2024-02-28', '08:37:00', '21:33:00', 1),
(84, 61, '2024-02-27', '08:42:00', '23:07:00', 1),
(85, 61, '2024-02-26', '08:43:00', '19:01:00', 1),
(86, 61, '2024-02-22', '08:43:00', '18:13:00', 1),
(87, 61, '2024-02-21', '08:35:00', '17:03:00', 1),
(88, 61, '2024-02-20', '08:40:00', '19:03:00', 1),
(89, 61, '2024-02-19', '08:48:00', '23:39:00', 1),
(90, 61, '2024-02-16', '08:41:00', '20:22:00', 1),
(91, 61, '2024-02-15', '08:37:00', '19:51:00', 1),
(92, 61, '2024-02-14', '08:37:00', '21:41:00', 1),
(93, 61, '2024-02-13', '08:43:00', '20:07:00', 1),
(94, 61, '2024-02-12', '08:42:00', '19:24:00', 1),
(95, 61, '2024-02-09', '08:43:00', '14:46:00', 1),
(96, 61, '2024-02-08', '08:13:00', '19:24:00', 1),
(97, 61, '2024-02-07', '08:43:00', '20:20:00', 1),
(98, 61, '2024-02-06', '08:44:00', '19:13:00', 1),
(99, 61, '2024-02-05', '08:06:00', '18:28:00', 1),
(100, 61, '2024-02-02', '08:48:00', '16:11:00', 1),
(101, 61, '2024-02-01', '10:04:00', '19:36:00', 1),
(102, 112, '2024-02-29', '07:03:00', '21:57:00', 1),
(103, 112, '2024-02-28', '07:27:00', '18:56:00', 1),
(104, 112, '2024-02-27', '07:32:00', '23:10:00', 1),
(105, 112, '2024-02-26', '06:20:00', '21:57:00', 1),
(106, 112, '2024-02-25', '07:10:00', '12:19:00', 1),
(107, 112, '2024-02-23', '07:26:00', '20:36:00', 1),
(108, 112, '2024-02-22', '07:21:00', '23:21:00', 1),
(109, 112, '2024-02-21', '07:47:00', '21:59:00', 1),
(110, 112, '2024-02-20', '07:15:00', '18:56:00', 1),
(111, 112, '2024-02-19', '07:14:00', '21:13:00', 1),
(112, 112, '2024-02-16', '07:32:00', '20:26:00', 1),
(113, 112, '2024-02-15', '07:10:00', '18:01:00', 1),
(114, 112, '2024-02-14', '07:24:00', '20:18:00', 1),
(115, 112, '2024-02-13', '07:27:00', '20:25:00', 1),
(116, 112, '2024-02-12', '08:14:00', '18:57:00', 1),
(117, 112, '2024-02-10', '10:41:00', '17:36:00', 1),
(118, 112, '2024-02-09', '07:27:00', '15:35:00', 1),
(119, 112, '2024-02-08', '05:52:00', '20:26:00', 1),
(120, 112, '2024-02-07', '07:44:00', '21:44:00', 1),
(121, 112, '2024-02-06', '07:52:00', '20:21:00', 1),
(122, 112, '2024-02-05', '07:25:00', '19:22:00', 1),
(123, 112, '2024-02-04', '09:38:00', '17:25:00', 1),
(124, 112, '2024-02-02', '07:18:00', '18:47:00', 1),
(125, 112, '2024-02-01', '08:04:00', '20:21:00', 1),
(126, 140, '2024-02-29', '06:56:00', '21:52:00', 1),
(127, 140, '2024-02-28', '07:02:00', '08:33:00', 1),
(128, 140, '2024-02-27', '07:01:00', '21:05:00', 1),
(129, 140, '2024-02-26', '07:09:00', '19:02:00', 1),
(130, 140, '2024-02-23', '07:07:00', '18:16:00', 1),
(131, 140, '2024-02-22', '07:03:00', '18:17:00', 1),
(132, 140, '2024-02-21', '07:12:00', '19:19:00', 1),
(133, 140, '2024-02-20', '07:15:00', '18:42:00', 1),
(134, 140, '2024-02-19', '07:12:00', '18:42:00', 1),
(135, 140, '2024-02-16', '07:17:00', '19:20:00', 1),
(136, 140, '2024-02-15', '07:16:00', '19:35:00', 1),
(137, 140, '2024-02-14', '12:03:00', '18:58:00', 1),
(138, 140, '2024-02-13', '07:07:00', '18:26:00', 1),
(139, 140, '2024-02-12', '07:05:00', '13:17:00', 1),
(140, 140, '2024-02-09', '07:12:00', '14:16:00', 1),
(141, 140, '2024-02-08', '07:17:00', '18:15:00', 1),
(142, 140, '2024-02-07', '07:07:00', '21:03:00', 1),
(143, 140, '2024-02-06', '07:11:00', '18:10:00', 1),
(144, 140, '2024-02-05', '07:01:00', '20:37:00', 1),
(145, 140, '2024-02-02', '07:41:00', '17:53:00', 1),
(146, 140, '2024-02-01', '07:10:00', '18:09:00', 1),
(147, 72, '2024-02-29', '09:14:00', '21:29:00', 1),
(148, 72, '2024-02-28', '09:03:00', '20:49:00', 1),
(149, 72, '2024-02-27', '08:58:00', '20:12:00', 1),
(150, 72, '2024-02-26', '08:55:00', '16:34:00', 1),
(151, 72, '2024-02-23', '10:14:00', '18:50:00', 1),
(152, 72, '2024-02-22', '08:41:00', '20:03:00', 1),
(153, 72, '2024-02-21', '08:55:00', '20:15:00', 1),
(154, 72, '2024-02-20', '09:12:00', '19:31:00', 1),
(155, 72, '2024-02-19', '09:02:00', '19:15:00', 1),
(156, 72, '2024-02-16', '09:05:00', '16:07:00', 1),
(157, 72, '2024-02-15', '09:12:00', '18:49:00', 1),
(158, 72, '2024-02-14', '08:54:00', '12:57:00', 1),
(159, 72, '2024-02-13', '08:59:00', '19:07:00', 1),
(160, 72, '2024-02-12', '09:02:00', '20:20:00', 1),
(161, 72, '2024-02-09', '08:33:00', '19:36:00', 1),
(162, 72, '2024-02-08', '08:56:00', '19:27:00', 1),
(163, 72, '2024-02-07', '08:58:00', '19:07:00', 1),
(164, 72, '2024-02-06', '08:59:00', '20:58:00', 1),
(165, 72, '2024-02-05', '08:36:00', '19:08:00', 1),
(166, 72, '2024-02-01', '08:53:00', '21:52:00', 1),
(167, 103, '2024-02-29', '08:31:00', '21:08:00', 1),
(168, 103, '2024-02-28', '08:43:00', '21:08:00', 1),
(169, 103, '2024-02-27', '08:22:00', '21:07:00', 1),
(170, 103, '2024-02-26', '08:20:00', '20:55:00', 1),
(171, 103, '2024-02-09', '08:27:00', '22:04:00', 1),
(172, 103, '2024-02-08', '08:26:00', '20:07:00', 1),
(173, 103, '2024-02-07', '15:33:00', '22:01:00', 1),
(174, 103, '2024-02-02', '08:33:00', '20:52:00', 1),
(175, 103, '2024-02-01', '08:30:00', '22:23:00', 1),
(176, 106, '2024-02-29', '09:01:00', '21:02:00', 1),
(177, 106, '2024-02-28', '08:45:00', '23:22:00', 1),
(178, 106, '2024-02-27', '00:15:00', '20:21:00', 1),
(179, 106, '2024-02-26', '09:06:00', '21:25:00', 1),
(180, 106, '2024-02-25', '10:34:00', '16:40:00', 1),
(181, 106, '2024-02-24', '19:28:00', '23:03:00', 1),
(182, 106, '2024-02-20', '09:00:00', '22:25:00', 1),
(183, 106, '2024-02-19', '09:20:00', '22:06:00', 1),
(184, 106, '2024-02-18', '09:10:00', '15:12:00', 1),
(185, 106, '2024-02-13', '08:58:00', '22:34:00', 1),
(186, 106, '2024-02-12', '08:56:00', '22:36:00', 1),
(187, 106, '2024-02-11', '13:30:00', '17:02:00', 1),
(188, 106, '2024-02-03', '16:37:00', '21:41:00', 1),
(189, 106, '2024-02-02', '08:52:00', '18:06:00', 1),
(190, 106, '2024-02-01', '08:48:00', '19:47:00', 1),
(191, 34, '2024-02-29', '07:25:00', '21:02:00', 1),
(192, 34, '2024-02-28', '07:29:00', '18:26:00', 1),
(193, 34, '2024-02-27', '07:23:00', '17:42:00', 1),
(194, 34, '2024-02-26', '07:28:00', '17:51:00', 1),
(195, 34, '2024-02-23', '07:37:00', '19:00:00', 1),
(196, 34, '2024-02-22', '07:23:00', '18:20:00', 1),
(197, 34, '2024-02-21', '07:37:00', '17:32:00', 1),
(198, 34, '2024-02-20', '07:29:00', '18:25:00', 1),
(199, 34, '2024-02-19', '07:27:00', '17:41:00', 1),
(200, 34, '2024-02-14', '07:27:00', '18:19:00', 1),
(201, 34, '2024-02-13', '07:29:00', '18:08:00', 1),
(202, 34, '2024-02-12', '07:27:00', '18:08:00', 1),
(203, 34, '2024-02-09', '07:23:00', '07:23:00', 1),
(204, 34, '2024-02-08', '07:29:00', '17:36:00', 1),
(205, 34, '2024-02-07', '07:23:00', '17:38:00', 1),
(206, 34, '2024-02-06', '07:24:00', '17:41:00', 1),
(207, 34, '2024-02-05', '07:40:00', '18:12:00', 1),
(208, 34, '2024-02-02', '07:24:00', '19:19:00', 1),
(209, 34, '2024-02-01', '07:30:00', '18:10:00', 1),
(210, 76, '2024-02-29', '08:25:00', '21:01:00', 1),
(211, 76, '2024-02-28', '00:38:00', '21:51:00', 1),
(212, 76, '2024-02-27', '08:24:00', '20:58:00', 1),
(213, 76, '2024-02-26', '00:03:00', '22:18:00', 1),
(214, 76, '2024-02-25', '09:09:00', '20:59:00', 1),
(215, 76, '2024-02-23', '08:24:00', '19:52:00', 1),
(216, 76, '2024-02-22', '08:24:00', '23:12:00', 1),
(217, 76, '2024-02-21', '08:36:00', '20:24:00', 1),
(218, 76, '2024-02-20', '08:28:00', '19:38:00', 1),
(219, 76, '2024-02-19', '08:29:00', '20:06:00', 1),
(220, 76, '2024-02-18', '14:37:00', '18:47:00', 1),
(221, 76, '2024-02-16', '08:18:00', '18:07:00', 1),
(222, 76, '2024-02-15', '08:21:00', '19:09:00', 1),
(223, 76, '2024-02-14', '01:47:00', '18:46:00', 1),
(224, 76, '2024-02-13', '08:22:00', '23:18:00', 1),
(225, 76, '2024-02-12', '08:32:00', '19:37:00', 1),
(226, 76, '2024-02-10', '09:29:00', '09:50:00', 1),
(227, 76, '2024-02-09', '14:05:00', '18:01:00', 1),
(228, 76, '2024-02-02', '01:47:00', '17:51:00', 1),
(229, 76, '2024-02-01', '08:35:00', '18:54:00', 1),
(230, 128, '2024-02-29', '11:45:00', '20:58:00', 1),
(231, 128, '2024-02-28', '08:44:00', '19:53:00', 1),
(232, 128, '2024-02-27', '08:47:00', '19:41:00', 1),
(233, 128, '2024-02-26', '08:46:00', '19:33:00', 1),
(234, 128, '2024-02-23', '08:34:00', '19:01:00', 1),
(235, 128, '2024-02-22', '08:52:00', '19:15:00', 1),
(236, 128, '2024-02-21', '08:42:00', '18:25:00', 1),
(237, 128, '2024-02-20', '10:48:00', '18:17:00', 1),
(238, 128, '2024-02-19', '08:48:00', '13:56:00', 1),
(239, 128, '2024-02-16', '08:45:00', '17:10:00', 1),
(240, 128, '2024-02-15', '08:33:00', '20:18:00', 1),
(241, 128, '2024-02-14', '08:42:00', '19:53:00', 1),
(242, 128, '2024-02-13', '08:53:00', '20:22:00', 1),
(243, 128, '2024-02-12', '08:35:00', '17:58:00', 1),
(244, 128, '2024-02-09', '08:22:00', '15:59:00', 1),
(245, 128, '2024-02-08', '08:44:00', '19:24:00', 1),
(246, 128, '2024-02-07', '09:12:00', '20:19:00', 1),
(247, 128, '2024-02-06', '08:50:00', '16:06:00', 1),
(248, 128, '2024-02-05', '08:54:00', '15:55:00', 1),
(249, 128, '2024-02-02', '08:28:00', '14:32:00', 1),
(250, 128, '2024-02-01', '08:52:00', '20:29:00', 1),
(251, 78, '2024-02-29', '07:50:00', '20:54:00', 1),
(252, 78, '2024-02-28', '07:59:00', '20:25:00', 1),
(253, 78, '2024-02-27', '07:56:00', '18:42:00', 1),
(254, 78, '2024-02-26', '07:59:00', '21:23:00', 1),
(255, 78, '2024-02-23', '07:43:00', '19:30:00', 1),
(256, 78, '2024-02-22', '07:54:00', '21:08:00', 1),
(257, 78, '2024-02-21', '08:01:00', '21:15:00', 1),
(258, 78, '2024-02-20', '08:08:00', '20:32:00', 1),
(259, 78, '2024-02-19', '07:57:00', '21:19:00', 1),
(260, 78, '2024-02-15', '07:58:00', '21:01:00', 1),
(261, 78, '2024-02-14', '08:12:00', '21:25:00', 1),
(262, 78, '2024-02-13', '07:59:00', '20:09:00', 1),
(263, 78, '2024-02-12', '08:09:00', '19:03:00', 1),
(264, 78, '2024-02-09', '08:15:00', '14:12:00', 1),
(265, 78, '2024-02-08', '08:35:00', '20:28:00', 1),
(266, 78, '2024-02-07', '08:19:00', '19:45:00', 1),
(267, 78, '2024-02-06', '08:01:00', '20:47:00', 1),
(268, 78, '2024-02-05', '08:21:00', '18:44:00', 1),
(269, 78, '2024-02-02', '08:26:00', '14:17:00', 1),
(270, 78, '2024-02-01', '08:30:00', '20:15:00', 1),
(271, 113, '2024-02-29', '08:21:00', '20:47:00', 1),
(272, 113, '2024-02-28', '08:17:00', '19:52:00', 1),
(273, 113, '2024-02-27', '08:22:00', '19:47:00', 1),
(274, 113, '2024-02-26', '08:26:00', '19:28:00', 1),
(275, 113, '2024-02-23', '08:27:00', '18:56:00', 1),
(276, 113, '2024-02-22', '08:13:00', '19:43:00', 1),
(277, 113, '2024-02-21', '08:27:00', '19:56:00', 1),
(278, 113, '2024-02-20', '08:42:00', '19:07:00', 1),
(279, 113, '2024-02-19', '08:16:00', '19:49:00', 1),
(280, 113, '2024-02-11', '12:51:00', '12:53:00', 1),
(281, 113, '2024-02-09', '08:22:00', '15:34:00', 1),
(282, 113, '2024-02-08', '08:24:00', '19:36:00', 1),
(283, 113, '2024-02-07', '08:30:00', '18:51:00', 1),
(284, 113, '2024-02-06', '08:27:00', '19:15:00', 1),
(285, 113, '2024-02-05', '08:39:00', '15:37:00', 1),
(286, 113, '2024-02-02', '08:24:00', '16:05:00', 1),
(287, 113, '2024-02-01', '08:33:00', '19:48:00', 1),
(288, 42, '2024-02-29', '08:26:00', '20:47:00', 1),
(289, 42, '2024-02-28', '08:16:00', '20:06:00', 1),
(290, 42, '2024-02-27', '08:26:00', '19:16:00', 1),
(291, 42, '2024-02-26', '08:21:00', '19:17:00', 1),
(292, 42, '2024-02-23', '08:20:00', '10:59:00', 1),
(293, 42, '2024-02-22', '08:19:00', '08:30:00', 1),
(294, 42, '2024-02-21', '08:28:00', '19:10:00', 1),
(295, 42, '2024-02-20', '08:16:00', '18:54:00', 1),
(296, 42, '2024-02-19', '08:16:00', '19:03:00', 1),
(297, 42, '2024-02-16', '08:20:00', '08:20:00', 1),
(298, 42, '2024-02-15', '08:19:00', '19:34:00', 1),
(299, 42, '2024-02-14', '08:35:00', '19:50:00', 1),
(300, 42, '2024-02-13', '07:02:00', '19:14:00', 1),
(301, 42, '2024-02-12', '08:26:00', '19:26:00', 1),
(302, 42, '2024-02-09', '08:25:00', '17:08:00', 1),
(303, 42, '2024-02-08', '08:26:00', '19:36:00', 1),
(304, 42, '2024-02-07', '08:29:00', '19:26:00', 1),
(305, 42, '2024-02-06', '08:19:00', '19:13:00', 1),
(306, 42, '2024-02-05', '08:23:00', '19:07:00', 1),
(307, 42, '2024-02-02', '08:13:00', '08:13:00', 1),
(308, 42, '2024-02-01', '08:19:00', '19:44:00', 1),
(309, 110, '2024-02-29', '09:23:00', '20:46:00', 1),
(310, 110, '2024-02-28', '09:41:00', '19:54:00', 1),
(311, 110, '2024-02-27', '09:29:00', '21:39:00', 1),
(312, 110, '2024-02-26', '09:09:00', '20:36:00', 1),
(313, 110, '2024-02-09', '09:19:00', '22:18:00', 1),
(314, 110, '2024-02-08', '09:34:00', '21:39:00', 1),
(315, 110, '2024-02-07', '09:30:00', '21:45:00', 1),
(316, 110, '2024-02-06', '09:39:00', '21:12:00', 1),
(317, 110, '2024-02-05', '09:29:00', '22:00:00', 1),
(318, 110, '2024-02-02', '09:28:00', '20:30:00', 1),
(319, 110, '2024-02-01', '09:38:00', '22:33:00', 1),
(320, 43, '2024-02-29', '08:29:00', '20:36:00', 1),
(321, 43, '2024-02-28', '08:27:00', '19:21:00', 1),
(322, 43, '2024-02-27', '08:25:00', '20:37:00', 1),
(323, 43, '2024-02-26', '08:32:00', '19:58:00', 1),
(324, 43, '2024-02-23', '08:40:00', '19:39:00', 1),
(325, 43, '2024-02-22', '08:41:00', '19:30:00', 1),
(326, 43, '2024-02-21', '08:40:00', '19:44:00', 1),
(327, 43, '2024-02-20', '08:37:00', '19:34:00', 1),
(328, 43, '2024-02-19', '08:40:00', '19:16:00', 1),
(329, 43, '2024-02-16', '08:19:00', '11:41:00', 1),
(330, 43, '2024-02-15', '08:38:00', '20:18:00', 1),
(331, 43, '2024-02-14', '09:02:00', '19:40:00', 1),
(332, 43, '2024-02-13', '08:29:00', '19:50:00', 1),
(333, 43, '2024-02-12', '08:36:00', '19:53:00', 1),
(334, 43, '2024-02-09', '08:07:00', '14:12:00', 1),
(335, 43, '2024-02-08', '08:09:00', '19:58:00', 1),
(336, 43, '2024-02-07', '08:39:00', '19:03:00', 1),
(337, 43, '2024-02-06', '08:34:00', '19:06:00', 1),
(338, 43, '2024-02-05', '08:38:00', '19:30:00', 1),
(339, 43, '2024-02-02', '08:13:00', '14:43:00', 1),
(340, 43, '2024-02-01', '08:31:00', '19:53:00', 1),
(341, 70, '2024-02-29', '09:01:00', '20:34:00', 1),
(342, 70, '2024-02-28', '08:57:00', '20:22:00', 1),
(343, 70, '2024-02-27', '09:20:00', '21:24:00', 1),
(344, 70, '2024-02-26', '09:02:00', '19:51:00', 1),
(345, 70, '2024-02-23', '07:56:00', '19:40:00', 1),
(346, 70, '2024-02-22', '08:13:00', '19:57:00', 1),
(347, 70, '2024-02-19', '09:02:00', '21:01:00', 1),
(348, 70, '2024-02-16', '08:44:00', '14:52:00', 1),
(349, 70, '2024-02-15', '09:05:00', '09:05:00', 1),
(350, 70, '2024-02-14', '09:00:00', '19:57:00', 1),
(351, 70, '2024-02-13', '09:01:00', '19:46:00', 1),
(352, 70, '2024-02-12', '08:44:00', '19:57:00', 1),
(353, 70, '2024-02-09', '08:57:00', '19:14:00', 1),
(354, 70, '2024-02-08', '09:22:00', '20:52:00', 1),
(355, 70, '2024-02-07', '08:50:00', '20:05:00', 1),
(356, 70, '2024-02-06', '09:10:00', '19:58:00', 1),
(357, 70, '2024-02-05', '08:56:00', '19:30:00', 1),
(358, 70, '2024-02-02', '08:57:00', '08:57:00', 1),
(359, 70, '2024-02-01', '09:25:00', '20:56:00', 1),
(360, 73, '2024-02-29', '10:17:00', '20:32:00', 1),
(361, 73, '2024-02-28', '10:07:00', '21:33:00', 1),
(362, 73, '2024-02-27', '12:25:00', '19:42:00', 1),
(363, 73, '2024-02-26', '12:42:00', '21:08:00', 1),
(364, 73, '2024-02-23', '08:54:00', '18:43:00', 1),
(365, 73, '2024-02-22', '12:30:00', '14:12:00', 1),
(366, 73, '2024-02-21', '08:49:00', '19:32:00', 1),
(367, 73, '2024-02-20', '08:59:00', '17:42:00', 1),
(368, 73, '2024-02-19', '09:02:00', '20:29:00', 1),
(369, 73, '2024-02-16', '08:27:00', '11:36:00', 1),
(370, 73, '2024-02-15', '09:02:00', '11:10:00', 1),
(371, 73, '2024-02-14', '09:05:00', '19:50:00', 1),
(372, 73, '2024-02-13', '08:55:00', '20:18:00', 1),
(373, 73, '2024-02-12', '08:54:00', '15:42:00', 1),
(374, 66, '2024-02-29', '07:14:00', '20:31:00', 1),
(375, 66, '2024-02-28', '07:21:00', '21:57:00', 1),
(376, 66, '2024-02-27', '07:19:00', '18:34:00', 1),
(377, 66, '2024-02-26', '07:19:00', '18:59:00', 1),
(378, 66, '2024-02-23', '07:22:00', '20:20:00', 1),
(379, 66, '2024-02-22', '07:28:00', '19:53:00', 1),
(380, 66, '2024-02-21', '07:29:00', '18:25:00', 1),
(381, 66, '2024-02-20', '07:40:00', '18:00:00', 1),
(382, 66, '2024-02-19', '07:36:00', '21:19:00', 1),
(383, 66, '2024-02-16', '07:46:00', '15:14:00', 1),
(384, 66, '2024-02-15', '08:03:00', '19:27:00', 1),
(385, 66, '2024-02-14', '07:52:00', '19:48:00', 1),
(386, 66, '2024-02-13', '07:54:00', '20:03:00', 1),
(387, 66, '2024-02-12', '07:42:00', '19:22:00', 1),
(388, 66, '2024-02-09', '07:49:00', '18:22:00', 1),
(389, 66, '2024-02-08', '07:34:00', '20:05:00', 1),
(390, 66, '2024-02-07', '07:57:00', '20:27:00', 1),
(391, 66, '2024-02-06', '08:05:00', '19:38:00', 1),
(392, 66, '2024-02-05', '07:50:00', '20:48:00', 1),
(393, 66, '2024-02-02', '07:40:00', '19:26:00', 1),
(394, 66, '2024-02-01', '07:44:00', '19:14:00', 1),
(395, 141, '2024-02-29', '08:04:00', '20:30:00', 1),
(396, 141, '2024-02-28', '08:27:00', '21:17:00', 1),
(397, 141, '2024-02-27', '08:08:00', '22:29:00', 1),
(398, 141, '2024-02-26', '08:04:00', '21:17:00', 1),
(399, 141, '2024-02-23', '07:58:00', '20:32:00', 1),
(400, 141, '2024-02-22', '08:01:00', '21:58:00', 1),
(401, 141, '2024-02-21', '08:10:00', '22:32:00', 1),
(402, 141, '2024-02-20', '20:19:00', '20:19:00', 1),
(403, 141, '2024-02-19', '08:07:00', '21:07:00', 1),
(404, 141, '2024-02-16', '07:41:00', '19:23:00', 1),
(405, 141, '2024-02-15', '08:07:00', '17:45:00', 1),
(406, 141, '2024-02-14', '08:07:00', '20:01:00', 1),
(407, 141, '2024-02-13', '08:05:00', '20:39:00', 1),
(408, 141, '2024-02-12', '08:14:00', '19:37:00', 1),
(409, 141, '2024-02-02', '08:01:00', '17:56:00', 1),
(410, 141, '2024-02-01', '08:03:00', '20:03:00', 1),
(411, 4, '2024-02-29', '08:42:00', '20:26:00', 1),
(412, 4, '2024-02-28', '08:43:00', '19:01:00', 1),
(413, 4, '2024-02-27', '08:44:00', '20:20:00', 1),
(414, 4, '2024-02-26', '08:45:00', '20:45:00', 1),
(415, 4, '2024-02-23', '08:41:00', '19:42:00', 1),
(416, 4, '2024-02-22', '08:31:00', '12:57:00', 1),
(417, 4, '2024-02-21', '08:29:00', '21:16:00', 1),
(418, 4, '2024-02-20', '08:29:00', '19:53:00', 1),
(419, 4, '2024-02-19', '08:45:00', '20:58:00', 1),
(420, 4, '2024-02-16', '08:13:00', '14:23:00', 1),
(421, 4, '2024-02-15', '08:40:00', '19:38:00', 1),
(422, 4, '2024-02-14', '08:30:00', '20:36:00', 1),
(423, 4, '2024-02-13', '08:42:00', '20:47:00', 1),
(424, 4, '2024-02-12', '08:44:00', '20:26:00', 1),
(425, 4, '2024-02-08', '08:45:00', '19:52:00', 1),
(426, 4, '2024-02-07', '08:39:00', '19:21:00', 1),
(427, 4, '2024-02-06', '08:46:00', '19:32:00', 1),
(428, 4, '2024-02-05', '08:54:00', '18:35:00', 1),
(429, 4, '2024-02-02', '08:33:00', '22:05:00', 1),
(430, 4, '2024-02-01', '08:37:00', '23:21:00', 1),
(431, 129, '2024-02-29', '07:09:00', '20:26:00', 1),
(432, 129, '2024-02-28', '07:13:00', '19:22:00', 1),
(433, 129, '2024-02-27', '07:24:00', '18:42:00', 1),
(434, 129, '2024-02-26', '07:13:00', '18:46:00', 1),
(435, 129, '2024-02-23', '07:17:00', '19:01:00', 1),
(436, 129, '2024-02-22', '07:26:00', '17:50:00', 1),
(437, 129, '2024-02-21', '07:27:00', '17:53:00', 1),
(438, 129, '2024-02-20', '07:25:00', '17:34:00', 1),
(439, 129, '2024-02-19', '07:00:00', '17:57:00', 1),
(440, 129, '2024-02-16', '07:58:00', '14:21:00', 1),
(441, 129, '2024-02-15', '06:53:00', '20:59:00', 1),
(442, 129, '2024-02-14', '07:18:00', '12:56:00', 1),
(443, 129, '2024-02-13', '07:04:00', '19:34:00', 1),
(444, 129, '2024-02-09', '07:55:00', '14:05:00', 1),
(445, 129, '2024-02-08', '07:02:00', '17:46:00', 1),
(446, 129, '2024-02-07', '06:54:00', '19:05:00', 1),
(447, 129, '2024-02-06', '07:01:00', '19:54:00', 1),
(448, 129, '2024-02-05', '07:17:00', '17:41:00', 1),
(449, 129, '2024-02-02', '08:05:00', '14:58:00', 1),
(450, 129, '2024-02-01', '07:02:00', '13:01:00', 1),
(451, 130, '2024-02-29', '07:58:00', '20:26:00', 1),
(452, 130, '2024-02-28', '07:56:00', '19:46:00', 1),
(453, 130, '2024-02-27', '08:02:00', '20:04:00', 1),
(454, 130, '2024-02-26', '07:59:00', '19:27:00', 1),
(455, 130, '2024-02-23', '08:35:00', '19:14:00', 1),
(456, 130, '2024-02-22', '07:50:00', '19:47:00', 1),
(457, 130, '2024-02-21', '07:46:00', '18:33:00', 1),
(458, 130, '2024-02-20', '08:11:00', '19:12:00', 1),
(459, 130, '2024-02-19', '08:01:00', '18:57:00', 1),
(460, 130, '2024-02-16', '08:00:00', '14:07:00', 1),
(461, 130, '2024-02-15', '07:54:00', '20:05:00', 1),
(462, 130, '2024-02-14', '07:54:00', '19:46:00', 1),
(463, 130, '2024-02-13', '08:05:00', '19:54:00', 1),
(464, 130, '2024-02-12', '07:54:00', '19:45:00', 1),
(465, 130, '2024-02-09', '07:45:00', '18:02:00', 1),
(466, 130, '2024-02-08', '07:46:00', '18:38:00', 1),
(467, 130, '2024-02-07', '07:51:00', '19:45:00', 1),
(468, 130, '2024-02-06', '07:49:00', '19:12:00', 1),
(469, 130, '2024-02-05', '07:58:00', '18:11:00', 1),
(470, 130, '2024-02-02', '07:51:00', '14:01:00', 1),
(471, 130, '2024-02-01', '07:48:00', '19:06:00', 1),
(472, 49, '2024-02-29', '08:00:00', '20:24:00', 1),
(473, 49, '2024-02-28', '08:01:00', '19:27:00', 1),
(474, 49, '2024-02-27', '07:58:00', '19:16:00', 1),
(475, 49, '2024-02-26', '07:53:00', '19:42:00', 1),
(476, 49, '2024-02-23', '08:17:00', '15:57:00', 1),
(477, 49, '2024-02-22', '07:39:00', '18:22:00', 1),
(478, 49, '2024-02-21', '07:58:00', '18:32:00', 1),
(479, 49, '2024-02-20', '08:20:00', '19:12:00', 1),
(480, 49, '2024-02-19', '08:04:00', '20:08:00', 1),
(481, 49, '2024-02-16', '07:53:00', '16:30:00', 1),
(482, 49, '2024-02-15', '07:54:00', '20:15:00', 1),
(483, 49, '2024-02-14', '08:07:00', '20:30:00', 1),
(484, 49, '2024-02-13', '07:59:00', '07:59:00', 1),
(485, 49, '2024-02-12', '17:01:00', '19:21:00', 1),
(486, 49, '2024-02-09', '08:13:00', '11:11:00', 1),
(487, 49, '2024-02-08', '08:09:00', '18:39:00', 1),
(488, 49, '2024-02-07', '08:15:00', '19:17:00', 1),
(489, 49, '2024-02-06', '08:12:00', '18:55:00', 1),
(490, 49, '2024-02-05', '07:50:00', '18:52:00', 1),
(491, 49, '2024-02-02', '08:06:00', '14:18:00', 1),
(492, 49, '2024-02-01', '08:22:00', '19:23:00', 1),
(493, 67, '2024-02-29', '08:52:00', '20:23:00', 1),
(494, 67, '2024-02-28', '08:58:00', '20:14:00', 1),
(495, 67, '2024-02-27', '09:00:00', '21:57:00', 1),
(496, 67, '2024-02-26', '08:56:00', '19:30:00', 1),
(497, 67, '2024-02-23', '07:56:00', '19:45:00', 1),
(498, 67, '2024-02-22', '08:59:00', '20:07:00', 1),
(499, 67, '2024-02-21', '08:58:00', '19:51:00', 1),
(500, 67, '2024-02-20', '08:49:00', '19:41:00', 1),
(501, 67, '2024-02-19', '08:57:00', '19:07:00', 1),
(502, 67, '2024-02-16', '08:50:00', '19:20:00', 1),
(503, 67, '2024-02-15', '08:56:00', '19:40:00', 1),
(504, 67, '2024-02-14', '08:59:00', '19:37:00', 1),
(505, 67, '2024-02-13', '08:52:00', '19:32:00', 1),
(506, 67, '2024-02-12', '08:57:00', '19:08:00', 1),
(507, 67, '2024-02-09', '08:42:00', '19:14:00', 1),
(508, 67, '2024-02-08', '08:56:00', '20:03:00', 1),
(509, 67, '2024-02-07', '08:50:00', '19:30:00', 1),
(510, 67, '2024-02-06', '09:03:00', '19:30:00', 1),
(511, 67, '2024-02-05', '09:03:00', '19:51:00', 1),
(512, 67, '2024-02-02', '08:35:00', '19:02:00', 1),
(513, 67, '2024-02-01', '08:58:00', '20:40:00', 1),
(514, 45, '2024-02-29', '07:54:00', '20:23:00', 1),
(515, 45, '2024-02-28', '08:02:00', '15:47:00', 1),
(516, 45, '2024-02-27', '07:53:00', '16:39:00', 1),
(517, 45, '2024-02-26', '07:52:00', '14:25:00', 1),
(518, 45, '2024-02-23', '07:50:00', '18:44:00', 1),
(519, 45, '2024-02-22', '08:03:00', '14:54:00', 1),
(520, 45, '2024-02-21', '08:03:00', '14:03:00', 1),
(521, 45, '2024-02-20', '07:51:00', '07:51:00', 1),
(522, 45, '2024-02-19', '08:01:00', '18:05:00', 1),
(523, 45, '2024-02-02', '07:54:00', '18:28:00', 1),
(524, 45, '2024-02-01', '07:00:00', '18:28:00', 1),
(525, 11, '2024-02-29', '08:54:00', '20:22:00', 1),
(526, 11, '2024-02-28', '08:43:00', '18:54:00', 1),
(527, 11, '2024-02-20', '08:30:00', '19:12:00', 1),
(528, 11, '2024-02-19', '08:26:00', '13:14:00', 1),
(529, 11, '2024-02-16', '08:24:00', '14:46:00', 1),
(530, 11, '2024-02-15', '08:09:00', '19:55:00', 1),
(531, 11, '2024-02-14', '08:03:00', '21:53:00', 1),
(532, 11, '2024-02-13', '08:54:00', '21:57:00', 1),
(533, 11, '2024-02-12', '08:35:00', '19:55:00', 1),
(534, 11, '2024-02-09', '07:43:00', '14:39:00', 1),
(535, 11, '2024-02-08', '08:49:00', '19:05:00', 1),
(536, 11, '2024-02-07', '08:41:00', '19:03:00', 1),
(537, 11, '2024-02-06', '08:44:00', '20:34:00', 1),
(538, 11, '2024-02-05', '08:39:00', '19:14:00', 1),
(539, 11, '2024-02-02', '07:48:00', '14:43:00', 1),
(540, 11, '2024-02-01', '08:24:00', '21:27:00', 1),
(541, 2, '2024-02-29', '08:45:00', '20:19:00', 1),
(542, 2, '2024-02-27', '08:21:00', '20:13:00', 1),
(543, 2, '2024-02-21', '08:43:00', '19:36:00', 1),
(544, 2, '2024-02-20', '08:42:00', '19:01:00', 1),
(545, 2, '2024-02-19', '08:41:00', '19:13:00', 1),
(546, 2, '2024-02-16', '08:13:00', '14:05:00', 1),
(547, 2, '2024-02-15', '08:49:00', '19:02:00', 1),
(548, 2, '2024-02-14', '08:46:00', '20:00:00', 1),
(549, 2, '2024-02-13', '08:48:00', '20:33:00', 1),
(550, 2, '2024-02-12', '08:57:00', '19:49:00', 1),
(551, 2, '2024-02-08', '08:49:00', '19:48:00', 1),
(552, 2, '2024-02-05', '08:46:00', '19:08:00', 1),
(553, 2, '2024-02-02', '08:46:00', '22:04:00', 1),
(554, 2, '2024-02-01', '08:42:00', '23:07:00', 1),
(555, 77, '2024-02-29', '08:00:00', '20:17:00', 1),
(556, 77, '2024-02-28', '07:54:00', '14:01:00', 1),
(557, 77, '2024-02-27', '07:41:00', '19:34:00', 1),
(558, 77, '2024-02-26', '08:03:00', '13:56:00', 1),
(559, 77, '2024-02-23', '07:47:00', '19:29:00', 1),
(560, 77, '2024-02-22', '08:06:00', '18:50:00', 1),
(561, 77, '2024-02-21', '07:44:00', '18:16:00', 1),
(562, 77, '2024-02-20', '13:49:00', '18:57:00', 1),
(563, 77, '2024-02-19', '07:50:00', '18:18:00', 1),
(564, 77, '2024-02-16', '08:22:00', '16:31:00', 1),
(565, 77, '2024-02-15', '07:57:00', '18:53:00', 1),
(566, 77, '2024-02-14', '08:00:00', '20:30:00', 1),
(567, 77, '2024-02-13', '07:44:00', '22:00:00', 1),
(568, 77, '2024-02-12', '12:18:00', '19:23:00', 1),
(569, 77, '2024-02-09', '07:36:00', '18:01:00', 1),
(570, 77, '2024-02-08', '07:53:00', '19:10:00', 1),
(571, 77, '2024-02-07', '07:41:00', '20:45:00', 1),
(572, 77, '2024-02-06', '08:00:00', '19:54:00', 1),
(573, 77, '2024-02-05', '12:41:00', '19:51:00', 1),
(574, 77, '2024-02-02', '08:26:00', '14:17:00', 1),
(575, 77, '2024-02-01', '07:44:00', '18:57:00', 1),
(576, 127, '2024-02-29', '07:41:00', '20:13:00', 1),
(577, 127, '2024-02-28', '09:37:00', '19:06:00', 1),
(578, 127, '2024-02-27', '07:52:00', '15:08:00', 1),
(579, 127, '2024-02-26', '07:50:00', '18:37:00', 1),
(580, 127, '2024-02-21', '08:01:00', '19:00:00', 1),
(581, 127, '2024-02-20', '07:55:00', '18:27:00', 1),
(582, 127, '2024-02-19', '07:52:00', '18:40:00', 1),
(583, 127, '2024-02-16', '07:53:00', '14:12:00', 1),
(584, 127, '2024-02-15', '07:56:00', '18:49:00', 1),
(585, 127, '2024-02-14', '07:57:00', '18:58:00', 1),
(586, 127, '2024-02-13', '07:52:00', '19:12:00', 1),
(587, 127, '2024-02-12', '07:53:00', '19:04:00', 1),
(588, 127, '2024-02-09', '07:58:00', '22:18:00', 1),
(589, 127, '2024-02-08', '07:55:00', '18:36:00', 1),
(590, 127, '2024-02-07', '07:45:00', '18:36:00', 1),
(591, 127, '2024-02-06', '08:04:00', '18:12:00', 1),
(592, 127, '2024-02-05', '07:55:00', '18:20:00', 1),
(593, 127, '2024-02-02', '07:44:00', '15:34:00', 1),
(594, 127, '2024-02-01', '08:07:00', '18:23:00', 1),
(595, 97, '2024-02-29', '08:17:00', '20:12:00', 1),
(596, 97, '2024-02-28', '08:43:00', '19:24:00', 1),
(597, 97, '2024-02-27', '08:28:00', '20:30:00', 1),
(598, 97, '2024-02-26', '08:33:00', '19:56:00', 1),
(599, 97, '2024-02-23', '08:20:00', '20:41:00', 1),
(600, 97, '2024-02-22', '08:23:00', '18:51:00', 1),
(601, 97, '2024-02-21', '08:28:00', '19:42:00', 1),
(602, 97, '2024-02-20', '08:18:00', '19:46:00', 1),
(603, 97, '2024-02-19', '08:13:00', '18:53:00', 1),
(604, 97, '2024-02-09', '08:17:00', '14:24:00', 1),
(605, 97, '2024-02-08', '08:26:00', '19:56:00', 1),
(606, 97, '2024-02-07', '08:20:00', '20:26:00', 1),
(607, 97, '2024-02-06', '08:26:00', '08:26:00', 1),
(608, 97, '2024-02-05', '07:53:00', '19:40:00', 1),
(609, 97, '2024-02-02', '08:26:00', '14:36:00', 1),
(610, 97, '2024-02-01', '08:10:00', '20:14:00', 1),
(611, 24, '2024-02-29', '08:53:00', '20:12:00', 1),
(612, 24, '2024-02-28', '08:52:00', '19:49:00', 1),
(613, 24, '2024-02-27', '08:55:00', '19:46:00', 1),
(614, 24, '2024-02-26', '08:53:00', '19:46:00', 1),
(615, 24, '2024-02-23', '08:51:00', '19:13:00', 1),
(616, 24, '2024-02-22', '08:54:00', '19:05:00', 1),
(617, 24, '2024-02-21', '08:51:00', '19:11:00', 1),
(618, 24, '2024-02-20', '08:50:00', '19:07:00', 1),
(619, 24, '2024-02-19', '08:41:00', '19:02:00', 1),
(620, 24, '2024-02-09', '08:19:00', '15:16:00', 1),
(621, 24, '2024-02-08', '08:52:00', '19:10:00', 1),
(622, 24, '2024-02-07', '08:50:00', '19:05:00', 1),
(623, 24, '2024-02-06', '08:49:00', '19:03:00', 1),
(624, 24, '2024-02-05', '08:51:00', '19:05:00', 1),
(625, 24, '2024-02-02', '08:48:00', '19:54:00', 1),
(626, 118, '2024-02-29', '08:04:00', '20:11:00', 1),
(627, 118, '2024-02-28', '08:10:00', '18:32:00', 1),
(628, 118, '2024-02-27', '08:08:00', '20:32:00', 1),
(629, 118, '2024-02-26', '08:13:00', '18:38:00', 1),
(630, 118, '2024-02-23', '08:20:00', '19:28:00', 1),
(631, 118, '2024-02-22', '08:08:00', '19:46:00', 1),
(632, 118, '2024-02-21', '08:10:00', '18:40:00', 1),
(633, 118, '2024-02-20', '08:11:00', '19:44:00', 1),
(634, 118, '2024-02-19', '08:04:00', '18:40:00', 1),
(635, 118, '2024-02-16', '07:53:00', '12:29:00', 1),
(636, 118, '2024-02-15', '08:07:00', '19:20:00', 1),
(637, 118, '2024-02-14', '08:21:00', '18:48:00', 1),
(638, 118, '2024-02-13', '08:20:00', '19:30:00', 1),
(639, 118, '2024-02-12', '07:57:00', '18:38:00', 1),
(640, 118, '2024-02-09', '08:13:00', '18:20:00', 1),
(641, 118, '2024-02-08', '08:28:00', '18:35:00', 1),
(642, 118, '2024-02-07', '13:49:00', '20:49:00', 1),
(643, 118, '2024-02-01', '08:03:00', '20:03:00', 1),
(644, 25, '2024-02-29', '08:24:00', '20:08:00', 1),
(645, 25, '2024-02-28', '08:44:00', '19:33:00', 1),
(646, 25, '2024-02-22', '09:04:00', '19:15:00', 1),
(647, 25, '2024-02-21', '10:52:00', '19:06:00', 1),
(648, 25, '2024-02-20', '12:45:00', '19:06:00', 1),
(649, 25, '2024-02-16', '08:35:00', '15:12:00', 1),
(650, 25, '2024-02-15', '08:35:00', '19:48:00', 1),
(651, 25, '2024-02-14', '08:35:00', '19:29:00', 1),
(652, 25, '2024-02-13', '08:23:00', '20:36:00', 1),
(653, 25, '2024-02-09', '08:16:00', '14:18:00', 1),
(654, 25, '2024-02-08', '08:52:00', '20:56:00', 1),
(655, 25, '2024-02-07', '08:38:00', '20:35:00', 1),
(656, 25, '2024-02-06', '08:53:00', '20:30:00', 1),
(657, 25, '2024-02-02', '12:34:00', '15:09:00', 1),
(658, 25, '2024-02-01', '08:53:00', '19:47:00', 1),
(659, 101, '2024-02-29', '09:06:00', '20:06:00', 1),
(660, 101, '2024-02-28', '08:27:00', '18:39:00', 1),
(661, 101, '2024-02-27', '08:02:00', '18:56:00', 1),
(662, 101, '2024-02-26', '08:30:00', '18:48:00', 1),
(663, 101, '2024-02-22', '08:20:00', '18:44:00', 1),
(664, 101, '2024-02-21', '08:26:00', '18:45:00', 1),
(665, 101, '2024-02-20', '08:25:00', '18:44:00', 1),
(666, 101, '2024-02-19', '08:32:00', '23:05:00', 1),
(667, 101, '2024-02-16', '08:17:00', '14:19:00', 1),
(668, 101, '2024-02-15', '08:16:00', '19:32:00', 1),
(669, 101, '2024-02-14', '08:17:00', '19:35:00', 1),
(670, 101, '2024-02-13', '08:26:00', '19:15:00', 1),
(671, 101, '2024-02-12', '08:12:00', '19:18:00', 1),
(672, 101, '2024-02-09', '08:19:00', '14:18:00', 1),
(673, 101, '2024-02-08', '08:25:00', '18:38:00', 1),
(674, 101, '2024-02-07', '08:27:00', '18:45:00', 1),
(675, 101, '2024-02-06', '08:23:00', '18:34:00', 1),
(676, 101, '2024-02-05', '08:27:00', '18:34:00', 1),
(677, 101, '2024-02-02', '08:22:00', '18:35:00', 1),
(678, 101, '2024-02-01', '08:18:00', '18:42:00', 1),
(679, 64, '2024-02-29', '09:00:00', '20:03:00', 1),
(680, 64, '2024-02-28', '08:51:00', '19:49:00', 1),
(681, 64, '2024-02-27', '08:48:00', '13:27:00', 1),
(682, 64, '2024-02-26', '08:53:00', '21:06:00', 1),
(683, 64, '2024-02-23', '08:49:00', '19:01:00', 1),
(684, 64, '2024-02-22', '08:56:00', '19:30:00', 1),
(685, 64, '2024-02-21', '08:55:00', '19:19:00', 1),
(686, 64, '2024-02-20', '08:53:00', '19:45:00', 1),
(687, 64, '2024-02-19', '08:56:00', '19:13:00', 1),
(688, 64, '2024-02-16', '09:07:00', '16:38:00', 1),
(689, 64, '2024-02-15', '08:55:00', '21:57:00', 1),
(690, 64, '2024-02-14', '08:46:00', '19:55:00', 1),
(691, 64, '2024-02-13', '09:02:00', '19:47:00', 1),
(692, 64, '2024-02-12', '08:39:00', '19:51:00', 1),
(693, 64, '2024-02-09', '08:43:00', '14:55:00', 1),
(694, 64, '2024-02-08', '08:52:00', '19:06:00', 1),
(695, 64, '2024-02-07', '08:56:00', '19:05:00', 1),
(696, 64, '2024-02-05', '08:49:00', '19:11:00', 1),
(697, 64, '2024-02-02', '08:43:00', '14:13:00', 1),
(698, 64, '2024-02-01', '08:35:00', '19:55:00', 1),
(699, 131, '2024-02-29', '08:33:00', '19:56:00', 1),
(700, 131, '2024-02-28', '08:20:00', '18:51:00', 1),
(701, 131, '2024-02-27', '07:39:00', '18:54:00', 1),
(702, 131, '2024-02-26', '08:24:00', '18:22:00', 1),
(703, 131, '2024-02-23', '08:04:00', '20:05:00', 1),
(704, 131, '2024-02-22', '08:18:00', '19:13:00', 1),
(705, 131, '2024-02-21', '08:12:00', '19:00:00', 1),
(706, 131, '2024-02-20', '07:16:00', '18:50:00', 1),
(707, 131, '2024-02-19', '08:11:00', '18:46:00', 1),
(708, 131, '2024-02-16', '08:04:00', '18:42:00', 1),
(709, 131, '2024-02-15', '08:07:00', '18:00:00', 1),
(710, 131, '2024-02-14', '08:12:00', '18:55:00', 1),
(711, 131, '2024-02-13', '08:10:00', '18:18:00', 1),
(712, 131, '2024-02-12', '08:09:00', '18:53:00', 1),
(713, 131, '2024-02-09', '08:00:00', '14:33:00', 1),
(714, 131, '2024-02-08', '07:53:00', '19:00:00', 1),
(715, 131, '2024-02-07', '08:08:00', '18:56:00', 1),
(716, 131, '2024-02-06', '08:12:00', '19:07:00', 1),
(717, 131, '2024-02-05', '07:58:00', '19:42:00', 1),
(718, 131, '2024-02-02', '07:40:00', '14:14:00', 1),
(719, 131, '2024-02-01', '07:58:00', '19:38:00', 1),
(720, 137, '2024-02-29', '08:52:00', '19:55:00', 1),
(721, 137, '2024-02-28', '08:52:00', '20:26:00', 1),
(722, 137, '2024-02-27', '08:59:00', '19:47:00', 1),
(723, 137, '2024-02-26', '08:54:00', '19:51:00', 1),
(724, 137, '2024-02-23', '08:54:00', '20:38:00', 1),
(725, 137, '2024-02-22', '08:54:00', '20:15:00', 1),
(726, 137, '2024-02-21', '08:45:00', '20:14:00', 1),
(727, 137, '2024-02-20', '09:03:00', '19:32:00', 1),
(728, 137, '2024-02-19', '08:58:00', '19:49:00', 1),
(729, 137, '2024-02-16', '08:25:00', '14:19:00', 1),
(730, 137, '2024-02-15', '08:49:00', '19:46:00', 1),
(731, 137, '2024-02-14', '08:52:00', '19:51:00', 1),
(732, 137, '2024-02-13', '08:34:00', '20:08:00', 1),
(733, 137, '2024-02-12', '08:53:00', '19:46:00', 1),
(734, 137, '2024-02-09', '08:38:00', '14:52:00', 1),
(735, 137, '2024-02-08', '08:59:00', '19:39:00', 1),
(736, 137, '2024-02-07', '08:59:00', '19:28:00', 1),
(737, 137, '2024-02-06', '08:57:00', '20:26:00', 1),
(738, 137, '2024-02-05', '08:57:00', '19:51:00', 1),
(739, 137, '2024-02-02', '08:27:00', '16:00:00', 1),
(740, 137, '2024-02-01', '08:56:00', '20:09:00', 1),
(741, 74, '2024-02-29', '08:25:00', '19:54:00', 1),
(742, 74, '2024-02-28', '08:10:00', '19:24:00', 1),
(743, 74, '2024-02-27', '08:12:00', '19:54:00', 1),
(744, 74, '2024-02-26', '08:14:00', '19:25:00', 1),
(745, 74, '2024-02-23', '07:38:00', '18:58:00', 1),
(746, 74, '2024-02-22', '08:16:00', '18:38:00', 1),
(747, 74, '2024-02-21', '08:06:00', '19:28:00', 1),
(748, 74, '2024-02-13', '08:20:00', '20:20:00', 1),
(749, 74, '2024-02-12', '07:53:00', '18:32:00', 1),
(750, 74, '2024-02-08', '08:22:00', '18:37:00', 1),
(751, 74, '2024-02-07', '08:08:00', '18:16:00', 1),
(752, 74, '2024-02-06', '08:12:00', '18:48:00', 1),
(753, 74, '2024-02-05', '08:19:00', '19:05:00', 1),
(754, 74, '2024-02-02', '08:06:00', '14:04:00', 1),
(755, 74, '2024-02-01', '07:57:00', '19:19:00', 1),
(756, 69, '2024-02-29', '09:23:00', '19:51:00', 1),
(757, 69, '2024-02-28', '08:47:00', '20:33:00', 1),
(758, 69, '2024-02-27', '08:58:00', '20:32:00', 1),
(759, 69, '2024-02-26', '08:14:00', '19:59:00', 1),
(760, 69, '2024-02-23', '08:44:00', '19:29:00', 1),
(761, 69, '2024-02-21', '09:15:00', '20:06:00', 1),
(762, 69, '2024-02-20', '08:54:00', '19:44:00', 1),
(763, 69, '2024-02-19', '09:08:00', '20:44:00', 1),
(764, 69, '2024-02-16', '09:33:00', '14:52:00', 1),
(765, 69, '2024-02-15', '09:21:00', '13:41:00', 1),
(766, 69, '2024-02-14', '09:04:00', '20:05:00', 1),
(767, 69, '2024-02-13', '09:00:00', '15:13:00', 1),
(768, 69, '2024-02-11', '11:23:00', '11:23:00', 1),
(769, 69, '2024-02-08', '09:06:00', '20:28:00', 1),
(770, 69, '2024-02-07', '08:45:00', '19:45:00', 1),
(771, 69, '2024-02-06', '09:28:00', '19:46:00', 1),
(772, 69, '2024-02-05', '09:29:00', '19:30:00', 1),
(773, 69, '2024-02-02', '08:37:00', '14:23:00', 1),
(774, 69, '2024-02-01', '10:24:00', '20:03:00', 1),
(775, 60, '2024-02-29', '08:57:00', '19:50:00', 1),
(776, 60, '2024-02-28', '08:57:00', '19:47:00', 1),
(777, 60, '2024-02-27', '13:23:00', '19:56:00', 1),
(778, 60, '2024-02-26', '08:42:00', '19:45:00', 1),
(779, 60, '2024-02-22', '08:23:00', '19:30:00', 1),
(780, 60, '2024-02-21', '09:05:00', '19:23:00', 1),
(781, 60, '2024-02-20', '09:07:00', '19:05:00', 1),
(782, 60, '2024-02-19', '08:51:00', '19:16:00', 1),
(783, 60, '2024-02-16', '08:25:00', '15:03:00', 1),
(784, 60, '2024-02-15', '08:55:00', '21:53:00', 1),
(785, 60, '2024-02-14', '08:46:00', '18:30:00', 1),
(786, 60, '2024-02-13', '08:49:00', '19:57:00', 1),
(787, 60, '2024-02-12', '08:42:00', '19:48:00', 1),
(788, 60, '2024-02-09', '08:26:00', '13:29:00', 1),
(789, 60, '2024-02-08', '08:09:00', '19:09:00', 1),
(790, 60, '2024-02-07', '10:30:00', '19:05:00', 1),
(791, 60, '2024-02-02', '08:37:00', '14:05:00', 1),
(792, 60, '2024-02-01', '09:06:00', '20:09:00', 1),
(793, 126, '2024-02-29', '07:50:00', '19:48:00', 1),
(794, 126, '2024-02-28', '07:52:00', '19:39:00', 1),
(795, 126, '2024-02-27', '07:52:00', '14:36:00', 1),
(796, 126, '2024-02-26', '07:53:00', '18:45:00', 1),
(797, 126, '2024-02-23', '07:40:00', '18:49:00', 1),
(798, 126, '2024-02-22', '07:50:00', '18:15:00', 1),
(799, 126, '2024-02-21', '08:00:00', '18:22:00', 1),
(800, 126, '2024-02-20', '07:53:00', '18:23:00', 1),
(801, 126, '2024-02-19', '07:17:00', '17:57:00', 1),
(802, 126, '2024-02-16', '07:47:00', '18:14:00', 1),
(803, 126, '2024-02-15', '07:43:00', '18:49:00', 1),
(804, 126, '2024-02-14', '07:42:00', '18:45:00', 1),
(805, 126, '2024-02-13', '07:46:00', '19:04:00', 1),
(806, 126, '2024-02-12', '07:20:00', '18:01:00', 1),
(807, 126, '2024-02-09', '07:35:00', '22:33:00', 1),
(808, 126, '2024-02-08', '07:10:00', '19:59:00', 1),
(809, 126, '2024-02-07', '07:51:00', '19:29:00', 1),
(810, 126, '2024-02-06', '08:05:00', '18:20:00', 1),
(811, 126, '2024-02-05', '07:58:00', '18:13:00', 1),
(812, 126, '2024-02-02', '07:51:00', '13:51:00', 1),
(813, 126, '2024-02-01', '08:03:00', '19:02:00', 1),
(814, 20, '2024-02-29', '08:29:00', '19:47:00', 1),
(815, 20, '2024-02-28', '08:31:00', '12:31:00', 1),
(816, 20, '2024-02-27', '08:38:00', '19:45:00', 1),
(817, 20, '2024-02-26', '08:24:00', '19:45:00', 1),
(818, 20, '2024-02-23', '08:36:00', '19:04:00', 1),
(819, 20, '2024-02-22', '08:08:00', '18:49:00', 1),
(820, 20, '2024-02-21', '19:51:00', '19:51:00', 1),
(821, 20, '2024-02-20', '08:37:00', '18:50:00', 1),
(822, 20, '2024-02-19', '08:24:00', '19:42:00', 1),
(823, 20, '2024-02-16', '08:10:00', '15:54:00', 1),
(824, 20, '2024-02-15', '08:24:00', '19:57:00', 1),
(825, 20, '2024-02-14', '08:21:00', '20:28:00', 1),
(826, 20, '2024-02-13', '08:31:00', '19:48:00', 1),
(827, 20, '2024-02-12', '08:11:00', '19:51:00', 1),
(828, 20, '2024-02-09', '08:24:00', '15:06:00', 1),
(829, 20, '2024-02-08', '07:57:00', '13:26:00', 1),
(830, 20, '2024-02-07', '08:27:00', '22:16:00', 1),
(831, 20, '2024-02-06', '08:26:00', '19:40:00', 1),
(832, 20, '2024-02-05', '08:27:00', '19:13:00', 1),
(833, 20, '2024-02-02', '08:20:00', '16:13:00', 1),
(834, 20, '2024-02-01', '08:37:00', '20:50:00', 1),
(835, 68, '2024-02-29', '08:07:00', '19:46:00', 1),
(836, 68, '2024-02-28', '08:06:00', '19:39:00', 1),
(837, 68, '2024-02-27', '06:58:00', '19:36:00', 1),
(838, 68, '2024-02-26', '08:15:00', '18:39:00', 1),
(839, 68, '2024-02-23', '08:14:00', '17:47:00', 1),
(840, 68, '2024-02-22', '08:18:00', '18:46:00', 1),
(841, 68, '2024-02-21', '08:14:00', '19:46:00', 1),
(842, 68, '2024-02-20', '06:57:00', '18:52:00', 1),
(843, 68, '2024-02-19', '08:22:00', '18:44:00', 1),
(844, 68, '2024-02-16', '07:58:00', '16:32:00', 1),
(845, 68, '2024-02-15', '08:21:00', '19:47:00', 1),
(846, 68, '2024-02-14', '08:22:00', '19:10:00', 1),
(847, 68, '2024-02-13', '08:22:00', '19:27:00', 1),
(848, 68, '2024-02-12', '08:13:00', '19:27:00', 1),
(849, 68, '2024-02-09', '07:51:00', '14:15:00', 1),
(850, 68, '2024-02-08', '08:26:00', '18:47:00', 1),
(851, 68, '2024-02-07', '06:53:00', '18:28:00', 1),
(852, 68, '2024-02-06', '08:19:00', '18:37:00', 1),
(853, 68, '2024-02-05', '07:17:00', '18:43:00', 1),
(854, 121, '2024-02-29', '08:43:00', '19:45:00', 1),
(855, 121, '2024-02-28', '08:45:00', '19:21:00', 1),
(856, 121, '2024-02-27', '08:35:00', '19:45:00', 1),
(857, 121, '2024-02-26', '08:41:00', '20:10:00', 1),
(858, 121, '2024-02-23', '08:32:00', '18:44:00', 1),
(859, 121, '2024-02-22', '08:34:00', '19:51:00', 1),
(860, 121, '2024-02-21', '08:30:00', '19:06:00', 1),
(861, 121, '2024-02-20', '09:12:00', '17:21:00', 1),
(862, 121, '2024-02-19', '08:44:00', '18:46:00', 1),
(863, 121, '2024-02-14', '08:29:00', '18:59:00', 1),
(864, 121, '2024-02-13', '10:14:00', '19:02:00', 1),
(865, 121, '2024-02-12', '08:47:00', '19:03:00', 1),
(866, 121, '2024-02-08', '08:36:00', '19:30:00', 1),
(867, 121, '2024-02-07', '08:27:00', '19:01:00', 1),
(868, 121, '2024-02-06', '08:43:00', '17:21:00', 1),
(869, 121, '2024-02-05', '08:46:00', '16:50:00', 1),
(870, 121, '2024-02-02', '08:49:00', '14:02:00', 1),
(871, 121, '2024-02-01', '08:52:00', '19:59:00', 1),
(872, 50, '2024-02-29', '08:41:00', '19:44:00', 1),
(873, 50, '2024-02-28', '08:10:00', '18:45:00', 1),
(874, 50, '2024-02-27', '08:12:00', '19:54:00', 1),
(875, 50, '2024-02-26', '08:14:00', '18:45:00', 1),
(876, 50, '2024-02-22', '08:34:00', '12:41:00', 1),
(877, 50, '2024-02-21', '08:06:00', '19:17:00', 1),
(878, 50, '2024-02-16', '08:25:00', '14:05:00', 1),
(879, 50, '2024-02-15', '10:31:00', '20:04:00', 1),
(880, 50, '2024-02-14', '08:10:00', '20:27:00', 1),
(881, 50, '2024-02-13', '08:20:00', '19:01:00', 1),
(882, 50, '2024-02-12', '07:53:00', '19:19:00', 1),
(883, 50, '2024-02-09', '08:02:00', '14:02:00', 1),
(884, 50, '2024-02-08', '08:22:00', '18:36:00', 1),
(885, 50, '2024-02-07', '08:08:00', '19:15:00', 1),
(886, 50, '2024-02-06', '08:12:00', '18:46:00', 1),
(887, 50, '2024-02-05', '08:20:00', '19:05:00', 1),
(888, 50, '2024-02-02', '08:06:00', '14:07:00', 1),
(889, 50, '2024-02-01', '07:57:00', '19:19:00', 1),
(890, 54, '2024-02-29', '08:54:00', '19:42:00', 1),
(891, 54, '2024-02-28', '08:53:00', '20:04:00', 1),
(892, 54, '2024-02-27', '08:47:00', '19:31:00', 1),
(893, 54, '2024-02-26', '10:26:00', '19:45:00', 1),
(894, 54, '2024-02-23', '08:56:00', '19:43:00', 1),
(895, 54, '2024-02-22', '08:52:00', '19:32:00', 1),
(896, 54, '2024-02-21', '08:56:00', '20:34:00', 1),
(897, 54, '2024-02-20', '08:53:00', '19:15:00', 1),
(898, 54, '2024-02-19', '08:58:00', '19:41:00', 1),
(899, 54, '2024-02-16', '07:50:00', '14:09:00', 1),
(900, 54, '2024-02-15', '09:04:00', '21:00:00', 1),
(901, 54, '2024-02-14', '08:37:00', '18:55:00', 1),
(902, 54, '2024-02-13', '08:46:00', '20:09:00', 1),
(903, 54, '2024-02-12', '08:45:00', '19:45:00', 1),
(904, 54, '2024-02-09', '08:38:00', '13:53:00', 1),
(905, 54, '2024-02-08', '08:53:00', '19:26:00', 1),
(906, 54, '2024-02-07', '08:49:00', '20:03:00', 1),
(907, 54, '2024-02-06', '08:46:00', '20:06:00', 1),
(908, 54, '2024-02-05', '08:49:00', '21:17:00', 1),
(909, 54, '2024-02-02', '08:24:00', '14:24:00', 1),
(910, 54, '2024-02-01', '08:52:00', '21:02:00', 1),
(911, 55, '2024-02-29', '08:21:00', '19:41:00', 1),
(912, 55, '2024-02-28', '08:19:00', '19:16:00', 1),
(913, 55, '2024-02-27', '08:25:00', '19:15:00', 1),
(914, 55, '2024-02-26', '08:13:00', '19:24:00', 1),
(915, 55, '2024-02-23', '08:20:00', '18:33:00', 1),
(916, 55, '2024-02-22', '08:18:00', '19:24:00', 1),
(917, 55, '2024-02-21', '08:19:00', '18:37:00', 1),
(918, 55, '2024-02-20', '13:56:00', '18:40:00', 1),
(919, 55, '2024-02-19', '08:24:00', '18:45:00', 1),
(920, 55, '2024-02-16', '08:15:00', '14:21:00', 1),
(921, 55, '2024-02-09', '08:12:00', '21:10:00', 1),
(922, 55, '2024-02-08', '08:28:00', '18:39:00', 1),
(923, 55, '2024-02-07', '08:38:00', '18:32:00', 1),
(924, 55, '2024-02-06', '08:18:00', '17:50:00', 1),
(925, 55, '2024-02-05', '08:17:00', '18:37:00', 1),
(926, 55, '2024-02-03', '19:18:00', '19:19:00', 1),
(927, 55, '2024-02-02', '08:13:00', '14:04:00', 1),
(928, 55, '2024-02-01', '08:08:00', '19:17:00', 1),
(929, 111, '2024-02-29', '08:47:00', '19:38:00', 1),
(930, 111, '2024-02-28', '08:45:00', '20:46:00', 1),
(931, 111, '2024-02-27', '08:50:00', '20:55:00', 1),
(932, 111, '2024-02-26', '08:39:00', '20:56:00', 1),
(933, 111, '2024-02-22', '08:38:00', '21:55:00', 1),
(934, 111, '2024-02-21', '08:59:00', '19:26:00', 1),
(935, 111, '2024-02-20', '08:45:00', '16:34:00', 1),
(936, 111, '2024-02-19', '08:48:00', '19:56:00', 1),
(937, 111, '2024-02-15', '08:49:00', '19:36:00', 1),
(938, 111, '2024-02-14', '08:52:00', '20:14:00', 1),
(939, 111, '2024-02-13', '08:46:00', '22:01:00', 1),
(940, 111, '2024-02-12', '08:29:00', '20:22:00', 1),
(941, 111, '2024-02-09', '08:22:00', '17:57:00', 1),
(942, 111, '2024-02-08', '09:05:00', '20:25:00', 1),
(943, 111, '2024-02-07', '09:04:00', '15:09:00', 1),
(944, 111, '2024-02-06', '08:59:00', '20:52:00', 1),
(945, 111, '2024-02-05', '08:58:00', '21:04:00', 1),
(946, 111, '2024-02-02', '08:50:00', '19:20:00', 1),
(947, 111, '2024-02-01', '08:50:00', '20:47:00', 1),
(948, 17, '2024-02-29', '08:21:00', '19:34:00', 1),
(949, 17, '2024-02-28', '08:22:00', '19:29:00', 1),
(950, 17, '2024-02-27', '08:24:00', '19:33:00', 1),
(951, 17, '2024-02-26', '08:25:00', '19:38:00', 1),
(952, 17, '2024-02-24', '16:06:00', '16:08:00', 1),
(953, 17, '2024-02-23', '08:16:00', '18:50:00', 1),
(954, 17, '2024-02-22', '08:18:00', '18:56:00', 1),
(955, 17, '2024-02-21', '08:29:00', '19:14:00', 1),
(956, 17, '2024-02-20', '08:26:00', '18:59:00', 1),
(957, 17, '2024-02-19', '08:27:00', '19:02:00', 1),
(958, 17, '2024-02-16', '08:22:00', '15:14:00', 1),
(959, 17, '2024-02-15', '08:26:00', '19:23:00', 1),
(960, 17, '2024-02-14', '08:20:00', '19:26:00', 1),
(961, 17, '2024-02-13', '08:32:00', '19:25:00', 1),
(962, 17, '2024-02-12', '08:21:00', '19:27:00', 1),
(963, 17, '2024-02-09', '08:18:00', '20:13:00', 1),
(964, 17, '2024-02-08', '08:29:00', '19:18:00', 1),
(965, 17, '2024-02-07', '08:29:00', '18:35:00', 1),
(966, 17, '2024-02-06', '08:19:00', '19:45:00', 1),
(967, 17, '2024-02-05', '08:25:00', '19:44:00', 1),
(968, 37, '2024-02-29', '09:23:00', '19:32:00', 1),
(969, 37, '2024-02-28', '09:19:00', '19:32:00', 1),
(970, 37, '2024-02-27', '09:20:00', '19:27:00', 1),
(971, 37, '2024-02-23', '09:17:00', '19:29:00', 1),
(972, 37, '2024-02-22', '09:11:00', '19:32:00', 1),
(973, 37, '2024-02-21', '09:30:00', '19:38:00', 1),
(974, 37, '2024-02-20', '09:21:00', '19:30:00', 1),
(975, 37, '2024-02-19', '09:22:00', '20:05:00', 1),
(976, 37, '2024-02-16', '08:24:00', '14:21:00', 1),
(977, 37, '2024-02-14', '09:16:00', '20:24:00', 1),
(978, 37, '2024-02-13', '09:19:00', '20:24:00', 1),
(979, 37, '2024-02-12', '09:19:00', '20:23:00', 1),
(980, 37, '2024-02-09', '08:29:00', '14:31:00', 1),
(981, 37, '2024-02-08', '09:19:00', '19:36:00', 1),
(982, 37, '2024-02-07', '09:20:00', '20:20:00', 1),
(983, 37, '2024-02-06', '09:25:00', '20:30:00', 1),
(984, 37, '2024-02-05', '09:19:00', '19:30:00', 1),
(985, 37, '2024-02-02', '08:21:00', '14:18:00', 1),
(986, 37, '2024-02-01', '09:25:00', '21:12:00', 1),
(987, 122, '2024-02-29', '07:33:00', '19:31:00', 1),
(988, 122, '2024-02-28', '07:30:00', '18:24:00', 1),
(989, 122, '2024-02-27', '07:39:00', '19:52:00', 1),
(990, 122, '2024-02-26', '07:39:00', '19:55:00', 1),
(991, 122, '2024-02-23', '07:50:00', '19:01:00', 1),
(992, 122, '2024-02-22', '07:31:00', '19:51:00', 1),
(993, 122, '2024-02-21', '07:34:00', '19:07:00', 1),
(994, 122, '2024-02-20', '07:40:00', '18:14:00', 1),
(995, 122, '2024-02-19', '07:21:00', '17:58:00', 1);
INSERT INTO `attendance` (`attendance_id`, `employee_id`, `date`, `enter_time`, `leave_time`, `valid`) VALUES
(996, 122, '2024-02-14', '07:25:00', '18:59:00', 1),
(997, 122, '2024-02-13', '07:38:00', '19:19:00', 1),
(998, 122, '2024-02-12', '07:27:00', '18:00:00', 1),
(999, 122, '2024-02-09', '07:50:00', '15:15:00', 1),
(1000, 122, '2024-02-08', '07:25:00', '18:04:00', 1),
(1001, 122, '2024-02-07', '13:35:00', '20:11:00', 1),
(1002, 122, '2024-02-01', '07:42:00', '20:18:00', 1),
(1003, 46, '2024-02-29', '08:50:00', '19:31:00', 1),
(1004, 46, '2024-02-28', '09:15:00', '19:15:00', 1),
(1005, 46, '2024-02-27', '08:55:00', '19:29:00', 1),
(1006, 46, '2024-02-26', '08:59:00', '19:06:00', 1),
(1007, 46, '2024-02-23', '08:52:00', '19:07:00', 1),
(1008, 46, '2024-02-22', '08:59:00', '18:55:00', 1),
(1009, 46, '2024-02-21', '08:48:00', '20:24:00', 1),
(1010, 46, '2024-02-20', '07:27:00', '19:08:00', 1),
(1011, 46, '2024-02-19', '09:02:00', '18:55:00', 1),
(1012, 46, '2024-02-16', '07:29:00', '08:05:00', 1),
(1013, 46, '2024-02-15', '08:55:00', '19:56:00', 1),
(1014, 46, '2024-02-14', '08:56:00', '19:35:00', 1),
(1015, 46, '2024-02-13', '08:57:00', '20:31:00', 1),
(1016, 46, '2024-02-12', '08:50:00', '19:50:00', 1),
(1017, 46, '2024-02-09', '08:48:00', '18:34:00', 1),
(1018, 46, '2024-02-08', '08:46:00', '19:06:00', 1),
(1019, 46, '2024-02-07', '08:40:00', '19:09:00', 1),
(1020, 46, '2024-02-06', '08:51:00', '19:10:00', 1),
(1021, 46, '2024-02-05', '08:49:00', '19:00:00', 1),
(1022, 46, '2024-02-02', '08:47:00', '14:37:00', 1),
(1023, 46, '2024-02-01', '08:42:00', '19:47:00', 1),
(1024, 22, '2024-02-29', '08:21:00', '19:29:00', 1),
(1025, 22, '2024-02-28', '08:17:00', '19:03:00', 1),
(1026, 22, '2024-02-27', '07:44:00', '19:19:00', 1),
(1027, 22, '2024-02-26', '08:25:00', '19:20:00', 1),
(1028, 22, '2024-02-23', '08:16:00', '18:51:00', 1),
(1029, 22, '2024-02-22', '08:13:00', '18:41:00', 1),
(1030, 22, '2024-02-21', '08:17:00', '19:28:00', 1),
(1031, 22, '2024-02-20', '08:16:00', '18:42:00', 1),
(1032, 22, '2024-02-19', '08:20:00', '18:42:00', 1),
(1033, 22, '2024-02-16', '08:16:00', '14:09:00', 1),
(1034, 22, '2024-02-15', '08:16:00', '19:21:00', 1),
(1035, 22, '2024-02-14', '08:21:00', '19:27:00', 1),
(1036, 22, '2024-02-13', '08:22:00', '19:19:00', 1),
(1037, 22, '2024-02-12', '08:22:00', '18:53:00', 1),
(1038, 22, '2024-02-09', '08:21:00', '14:24:00', 1),
(1039, 22, '2024-02-08', '08:23:00', '18:43:00', 1),
(1040, 22, '2024-02-07', '18:49:00', '18:49:00', 1),
(1041, 22, '2024-02-06', '08:11:00', '18:59:00', 1),
(1042, 22, '2024-02-05', '11:59:00', '19:08:00', 1),
(1043, 135, '2024-02-29', '08:22:00', '19:27:00', 1),
(1044, 135, '2024-02-28', '08:25:00', '19:19:00', 1),
(1045, 135, '2024-02-27', '08:24:00', '19:30:00', 1),
(1046, 135, '2024-02-23', '08:29:00', '18:45:00', 1),
(1047, 135, '2024-02-22', '08:38:00', '14:35:00', 1),
(1048, 135, '2024-02-21', '08:29:00', '18:40:00', 1),
(1049, 135, '2024-02-20', '08:27:00', '18:52:00', 1),
(1050, 135, '2024-02-19', '08:23:00', '19:03:00', 1),
(1051, 135, '2024-02-16', '08:13:00', '14:14:00', 1),
(1052, 135, '2024-02-13', '08:30:00', '19:23:00', 1),
(1053, 135, '2024-02-12', '08:25:00', '19:19:00', 1),
(1054, 135, '2024-02-09', '08:29:00', '14:36:00', 1),
(1055, 135, '2024-02-08', '08:30:00', '12:53:00', 1),
(1056, 135, '2024-02-07', '08:29:00', '19:07:00', 1),
(1057, 135, '2024-02-06', '08:18:00', '19:02:00', 1),
(1058, 135, '2024-02-05', '08:27:00', '19:18:00', 1),
(1059, 135, '2024-02-02', '08:26:00', '14:22:00', 1),
(1060, 135, '2024-02-01', '08:22:00', '19:25:00', 1),
(1061, 124, '2024-02-29', '08:25:00', '19:26:00', 1),
(1062, 124, '2024-02-28', '08:19:00', '19:26:00', 1),
(1063, 124, '2024-02-27', '08:09:00', '19:15:00', 1),
(1064, 124, '2024-02-26', '09:27:00', '19:20:00', 1),
(1065, 124, '2024-02-23', '11:01:00', '19:14:00', 1),
(1066, 124, '2024-02-22', '08:18:00', '18:47:00', 1),
(1067, 124, '2024-02-21', '10:22:00', '17:54:00', 1),
(1068, 124, '2024-02-14', '08:21:00', '19:30:00', 1),
(1069, 124, '2024-02-13', '08:11:00', '19:30:00', 1),
(1070, 124, '2024-02-12', '07:53:00', '18:39:00', 1),
(1071, 124, '2024-02-09', '08:42:00', '19:05:00', 1),
(1072, 124, '2024-02-07', '08:38:00', '16:20:00', 1),
(1073, 124, '2024-02-06', '08:55:00', '19:12:00', 1),
(1074, 124, '2024-02-05', '09:00:00', '18:45:00', 1),
(1075, 124, '2024-02-02', '08:28:00', '16:45:00', 1),
(1076, 124, '2024-02-01', '08:58:00', '13:29:00', 1),
(1077, 108, '2024-02-29', '00:06:00', '19:26:00', 1),
(1078, 108, '2024-02-28', '08:37:00', '21:46:00', 1),
(1079, 108, '2024-02-27', '09:25:00', '15:10:00', 1),
(1080, 108, '2024-02-23', '15:10:00', '20:52:00', 1),
(1081, 108, '2024-02-22', '08:42:00', '15:32:00', 1),
(1082, 108, '2024-02-21', '08:27:00', '14:59:00', 1),
(1083, 108, '2024-02-20', '11:39:00', '20:00:00', 1),
(1084, 108, '2024-02-19', '08:18:00', '19:27:00', 1),
(1085, 108, '2024-02-16', '11:11:00', '21:21:00', 1),
(1086, 108, '2024-02-15', '12:17:00', '12:17:00', 1),
(1087, 108, '2024-02-14', '11:09:00', '21:17:00', 1),
(1088, 108, '2024-02-13', '07:54:00', '21:48:00', 1),
(1089, 108, '2024-02-12', '08:16:00', '18:37:00', 1),
(1090, 108, '2024-02-09', '07:58:00', '15:18:00', 1),
(1091, 108, '2024-02-08', '08:38:00', '18:18:00', 1),
(1092, 108, '2024-02-07', '14:11:00', '17:53:00', 1),
(1093, 108, '2024-02-06', '08:23:00', '20:46:00', 1),
(1094, 108, '2024-02-05', '09:10:00', '22:18:00', 1),
(1095, 108, '2024-02-02', '08:18:00', '16:54:00', 1),
(1096, 108, '2024-02-01', '10:04:00', '22:32:00', 1),
(1097, 41, '2024-02-29', '08:25:00', '19:24:00', 1),
(1098, 41, '2024-02-28', '08:27:00', '19:17:00', 1),
(1099, 41, '2024-02-27', '08:28:00', '19:16:00', 1),
(1100, 41, '2024-02-26', '08:15:00', '19:16:00', 1),
(1101, 41, '2024-02-23', '08:24:00', '18:35:00', 1),
(1102, 41, '2024-02-22', '08:17:00', '16:48:00', 1),
(1103, 41, '2024-02-21', '08:29:00', '18:34:00', 1),
(1104, 41, '2024-02-20', '08:27:00', '18:48:00', 1),
(1105, 41, '2024-02-19', '08:29:00', '18:40:00', 1),
(1106, 41, '2024-02-16', '12:22:00', '14:23:00', 1),
(1107, 41, '2024-02-15', '08:27:00', '18:11:00', 1),
(1108, 41, '2024-02-14', '08:10:00', '19:09:00', 1),
(1109, 41, '2024-02-13', '08:24:00', '19:06:00', 1),
(1110, 41, '2024-02-12', '08:32:00', '19:30:00', 1),
(1111, 41, '2024-02-09', '08:19:00', '14:21:00', 1),
(1112, 41, '2024-02-08', '08:28:00', '18:07:00', 1),
(1113, 41, '2024-02-07', '08:21:00', '18:47:00', 1),
(1114, 41, '2024-02-06', '08:31:00', '18:54:00', 1),
(1115, 41, '2024-02-05', '08:26:00', '14:02:00', 1),
(1116, 41, '2024-02-02', '08:20:00', '14:31:00', 1),
(1117, 41, '2024-02-01', '08:27:00', '19:22:00', 1),
(1118, 26, '2024-02-29', '08:00:00', '19:23:00', 1),
(1119, 26, '2024-02-28', '07:48:00', '18:44:00', 1),
(1120, 26, '2024-02-27', '07:47:00', '18:44:00', 1),
(1121, 26, '2024-02-26', '07:50:00', '18:45:00', 1),
(1122, 26, '2024-02-23', '07:44:00', '18:05:00', 1),
(1123, 26, '2024-02-22', '07:50:00', '18:00:00', 1),
(1124, 26, '2024-02-21', '07:19:00', '18:01:00', 1),
(1125, 26, '2024-02-20', '07:39:00', '18:06:00', 1),
(1126, 26, '2024-02-19', '08:00:00', '18:01:00', 1),
(1127, 26, '2024-02-16', '07:45:00', '14:03:00', 1),
(1128, 26, '2024-02-15', '08:03:00', '18:46:00', 1),
(1129, 26, '2024-02-14', '07:45:00', '18:53:00', 1),
(1130, 26, '2024-02-12', '07:48:00', '18:47:00', 1),
(1131, 26, '2024-02-09', '07:42:00', '14:03:00', 1),
(1132, 26, '2024-02-08', '07:55:00', '18:19:00', 1),
(1133, 26, '2024-02-07', '07:51:00', '18:33:00', 1),
(1134, 26, '2024-02-05', '07:44:00', '18:20:00', 1),
(1135, 26, '2024-02-02', '07:42:00', '14:03:00', 1),
(1136, 26, '2024-02-01', '07:54:00', '19:03:00', 1),
(1137, 40, '2024-02-29', '09:17:00', '19:22:00', 1),
(1138, 40, '2024-02-28', '08:58:00', '21:07:00', 1),
(1139, 40, '2024-02-27', '09:07:00', '19:17:00', 1),
(1140, 40, '2024-02-26', '09:04:00', '21:14:00', 1),
(1141, 40, '2024-02-23', '08:59:00', '18:44:00', 1),
(1142, 40, '2024-02-22', '08:55:00', '18:51:00', 1),
(1143, 40, '2024-02-21', '09:02:00', '19:03:00', 1),
(1144, 40, '2024-02-16', '08:48:00', '15:55:00', 1),
(1145, 40, '2024-02-15', '08:57:00', '18:52:00', 1),
(1146, 40, '2024-02-14', '09:03:00', '19:05:00', 1),
(1147, 40, '2024-02-13', '08:49:00', '20:36:00', 1),
(1148, 40, '2024-02-12', '09:02:00', '19:31:00', 1),
(1149, 40, '2024-02-09', '08:37:00', '14:41:00', 1),
(1150, 40, '2024-02-08', '08:05:00', '18:27:00', 1),
(1151, 40, '2024-02-07', '08:45:00', '19:39:00', 1),
(1152, 40, '2024-02-06', '09:07:00', '19:06:00', 1),
(1153, 40, '2024-02-05', '08:54:00', '18:23:00', 1),
(1154, 40, '2024-02-02', '08:52:00', '17:19:00', 1),
(1155, 40, '2024-02-01', '09:13:00', '18:25:00', 1),
(1156, 51, '2024-02-29', '06:55:00', '19:22:00', 1),
(1157, 51, '2024-02-28', '07:08:00', '19:02:00', 1),
(1158, 51, '2024-02-27', '06:55:00', '19:23:00', 1),
(1159, 51, '2024-02-26', '06:59:00', '17:14:00', 1),
(1160, 51, '2024-02-23', '08:27:00', '19:11:00', 1),
(1161, 51, '2024-02-22', '15:02:00', '17:40:00', 1),
(1162, 51, '2024-02-21', '06:49:00', '18:43:00', 1),
(1163, 51, '2024-02-20', '06:57:00', '17:42:00', 1),
(1164, 51, '2024-02-19', '06:54:00', '14:12:00', 1),
(1165, 51, '2024-02-08', '06:54:00', '08:18:00', 1),
(1166, 51, '2024-02-07', '07:06:00', '19:17:00', 1),
(1167, 51, '2024-02-06', '06:55:00', '18:49:00', 1),
(1168, 51, '2024-02-05', '13:16:00', '20:04:00', 1),
(1169, 51, '2024-02-02', '08:08:00', '14:19:00', 1),
(1170, 51, '2024-02-01', '06:57:00', '19:01:00', 1),
(1171, 117, '2024-02-29', '08:25:00', '19:20:00', 1),
(1172, 117, '2024-02-28', '08:19:00', '19:19:00', 1),
(1173, 117, '2024-02-27', '08:29:00', '19:17:00', 1),
(1174, 117, '2024-02-26', '08:24:00', '19:16:00', 1),
(1175, 117, '2024-02-23', '08:20:00', '19:01:00', 1),
(1176, 117, '2024-02-22', '08:23:00', '14:39:00', 1),
(1177, 117, '2024-02-21', '08:19:00', '18:33:00', 1),
(1178, 117, '2024-02-20', '08:13:00', '16:12:00', 1),
(1179, 117, '2024-02-19', '08:29:00', '13:43:00', 1),
(1180, 117, '2024-02-16', '08:18:00', '12:54:00', 1),
(1181, 117, '2024-02-15', '08:20:00', '18:41:00', 1),
(1182, 117, '2024-02-14', '08:26:00', '21:19:00', 1),
(1183, 117, '2024-02-13', '08:24:00', '18:49:00', 1),
(1184, 117, '2024-02-12', '08:23:00', '18:38:00', 1),
(1185, 117, '2024-02-09', '08:17:00', '14:36:00', 1),
(1186, 117, '2024-02-08', '14:41:00', '18:35:00', 1),
(1187, 117, '2024-02-07', '08:54:00', '19:19:00', 1),
(1188, 117, '2024-02-06', '08:57:00', '19:11:00', 1),
(1189, 117, '2024-02-05', '09:00:00', '18:30:00', 1),
(1190, 39, '2024-02-29', '08:29:00', '19:17:00', 1),
(1191, 39, '2024-02-28', '08:39:00', '19:15:00', 1),
(1192, 39, '2024-02-27', '08:31:00', '19:19:00', 1),
(1193, 39, '2024-02-26', '08:24:00', '19:35:00', 1),
(1194, 39, '2024-02-23', '08:14:00', '18:39:00', 1),
(1195, 39, '2024-02-22', '08:20:00', '18:41:00', 1),
(1196, 39, '2024-02-21', '08:30:00', '18:47:00', 1),
(1197, 39, '2024-02-20', '08:16:00', '18:47:00', 1),
(1198, 39, '2024-02-19', '08:33:00', '18:54:00', 1),
(1199, 39, '2024-02-16', '08:25:00', '14:56:00', 1),
(1200, 39, '2024-02-15', '08:23:00', '20:20:00', 1),
(1201, 39, '2024-02-14', '08:46:00', '19:22:00', 1),
(1202, 39, '2024-02-13', '08:34:00', '19:17:00', 1),
(1203, 39, '2024-02-12', '08:28:00', '19:28:00', 1),
(1204, 39, '2024-02-09', '08:29:00', '14:59:00', 1),
(1205, 39, '2024-02-08', '08:26:00', '19:09:00', 1),
(1206, 39, '2024-02-07', '11:01:00', '18:56:00', 1),
(1207, 39, '2024-02-06', '08:29:00', '19:59:00', 1),
(1208, 39, '2024-02-05', '08:36:00', '18:36:00', 1),
(1209, 39, '2024-02-02', '08:21:00', '15:01:00', 1),
(1210, 39, '2024-02-01', '08:22:00', '18:53:00', 1),
(1211, 12, '2024-02-29', '08:07:00', '19:17:00', 1),
(1212, 12, '2024-02-28', '08:16:00', '18:54:00', 1),
(1213, 12, '2024-02-27', '08:10:00', '18:52:00', 1),
(1214, 12, '2024-02-26', '08:03:00', '18:35:00', 1),
(1215, 12, '2024-02-23', '08:10:00', '19:01:00', 1),
(1216, 12, '2024-02-22', '08:11:00', '18:29:00', 1),
(1217, 12, '2024-02-21', '07:58:00', '18:32:00', 1),
(1218, 12, '2024-02-20', '08:05:00', '18:33:00', 1),
(1219, 12, '2024-02-19', '08:13:00', '18:31:00', 1),
(1220, 12, '2024-02-16', '07:57:00', '14:05:00', 1),
(1221, 12, '2024-02-15', '07:51:00', '19:17:00', 1),
(1222, 12, '2024-02-14', '08:02:00', '19:18:00', 1),
(1223, 12, '2024-02-13', '08:00:00', '19:18:00', 1),
(1224, 12, '2024-02-12', '08:03:00', '19:18:00', 1),
(1225, 12, '2024-02-09', '08:00:00', '14:32:00', 1),
(1226, 12, '2024-02-08', '07:57:00', '18:39:00', 1),
(1227, 12, '2024-02-07', '07:51:00', '18:52:00', 1),
(1228, 12, '2024-02-06', '07:48:00', '18:43:00', 1),
(1229, 12, '2024-02-05', '07:49:00', '18:43:00', 1),
(1230, 12, '2024-02-02', '08:10:00', '14:43:00', 1),
(1231, 12, '2024-02-01', '08:03:00', '19:23:00', 1),
(1232, 142, '2024-02-29', '07:52:00', '19:10:00', 1),
(1233, 142, '2024-02-28', '07:06:00', '18:58:00', 1),
(1234, 142, '2024-02-27', '07:21:00', '14:15:00', 1),
(1235, 142, '2024-02-26', '06:43:00', '17:43:00', 1),
(1236, 142, '2024-02-25', '15:53:00', '16:51:00', 1),
(1237, 142, '2024-02-23', '07:12:00', '18:14:00', 1),
(1238, 142, '2024-02-22', '07:01:00', '18:12:00', 1),
(1239, 142, '2024-02-21', '07:00:00', '18:38:00', 1),
(1240, 142, '2024-02-20', '07:17:00', '13:56:00', 1),
(1241, 142, '2024-02-19', '07:21:00', '13:53:00', 1),
(1242, 142, '2024-02-16', '07:51:00', '15:25:00', 1),
(1243, 142, '2024-02-15', '07:09:00', '13:41:00', 1),
(1244, 142, '2024-02-14', '07:24:00', '18:56:00', 1),
(1245, 142, '2024-02-13', '07:27:00', '18:35:00', 1),
(1246, 142, '2024-02-12', '07:04:00', '18:37:00', 1),
(1247, 142, '2024-02-09', '07:24:00', '14:56:00', 1),
(1248, 142, '2024-02-08', '07:00:00', '15:53:00', 1),
(1249, 142, '2024-02-07', '07:20:00', '18:56:00', 1),
(1250, 142, '2024-02-06', '07:07:00', '18:03:00', 1),
(1251, 142, '2024-02-05', '07:02:00', '14:31:00', 1),
(1252, 142, '2024-02-04', '16:04:00', '16:06:00', 1),
(1253, 142, '2024-02-02', '07:21:00', '16:39:00', 1),
(1254, 142, '2024-02-01', '10:04:00', '17:27:00', 1),
(1255, 81, '2024-02-29', '08:25:00', '19:10:00', 1),
(1256, 81, '2024-02-28', '06:20:00', '18:29:00', 1),
(1257, 81, '2024-02-27', '08:33:00', '21:00:00', 1),
(1258, 81, '2024-02-26', '08:31:00', '20:37:00', 1),
(1259, 81, '2024-02-16', '08:35:00', '14:35:00', 1),
(1260, 81, '2024-02-15', '08:27:00', '18:54:00', 1),
(1261, 81, '2024-02-14', '08:29:00', '18:51:00', 1),
(1262, 81, '2024-02-13', '08:29:00', '18:04:00', 1),
(1263, 81, '2024-02-12', '08:25:00', '18:35:00', 1),
(1264, 81, '2024-02-09', '08:26:00', '14:15:00', 1),
(1265, 81, '2024-02-08', '10:12:00', '19:18:00', 1),
(1266, 81, '2024-02-07', '08:45:00', '20:21:00', 1),
(1267, 81, '2024-02-06', '09:12:00', '19:03:00', 1),
(1268, 81, '2024-02-05', '08:54:00', '13:17:00', 1),
(1269, 81, '2024-02-02', '08:26:00', '15:09:00', 1),
(1270, 81, '2024-02-01', '08:54:00', '19:45:00', 1),
(1271, 79, '2024-02-29', '08:01:00', '19:03:00', 1),
(1272, 79, '2024-02-28', '07:48:00', '18:55:00', 1),
(1273, 79, '2024-02-27', '07:56:00', '21:31:00', 1),
(1274, 79, '2024-02-26', '07:56:00', '19:15:00', 1),
(1275, 79, '2024-02-23', '07:50:00', '19:18:00', 1),
(1276, 79, '2024-02-22', '07:48:00', '19:15:00', 1),
(1277, 79, '2024-02-21', '07:51:00', '12:55:00', 1),
(1278, 79, '2024-02-20', '07:54:00', '19:26:00', 1),
(1279, 79, '2024-02-19', '07:56:00', '19:28:00', 1),
(1280, 79, '2024-02-16', '08:18:00', '16:44:00', 1),
(1281, 79, '2024-02-12', '07:53:00', '19:32:00', 1),
(1282, 79, '2024-02-09', '07:45:00', '15:08:00', 1),
(1283, 79, '2024-02-08', '08:02:00', '19:32:00', 1),
(1284, 79, '2024-02-07', '07:54:00', '19:22:00', 1),
(1285, 79, '2024-02-06', '07:56:00', '19:48:00', 1),
(1286, 79, '2024-02-05', '08:05:00', '18:58:00', 1),
(1287, 79, '2024-02-02', '07:57:00', '15:24:00', 1),
(1288, 79, '2024-02-01', '08:07:00', '19:34:00', 1),
(1289, 123, '2024-02-29', '08:52:00', '19:02:00', 1),
(1290, 123, '2024-02-28', '08:37:00', '18:30:00', 1),
(1291, 123, '2024-02-27', '08:13:00', '18:34:00', 1),
(1292, 123, '2024-02-26', '08:23:00', '18:33:00', 1),
(1293, 123, '2024-02-23', '08:17:00', '18:34:00', 1),
(1294, 123, '2024-02-22', '08:18:00', '19:51:00', 1),
(1295, 123, '2024-02-16', '08:10:00', '17:55:00', 1),
(1296, 123, '2024-02-15', '08:03:00', '14:56:00', 1),
(1297, 123, '2024-02-14', '08:14:00', '15:54:00', 1),
(1298, 123, '2024-02-13', '08:24:00', '17:36:00', 1),
(1299, 123, '2024-02-12', '08:23:00', '17:50:00', 1),
(1300, 123, '2024-02-08', '07:59:00', '19:30:00', 1),
(1301, 123, '2024-02-07', '08:03:00', '18:42:00', 1),
(1302, 123, '2024-02-06', '08:50:00', '17:34:00', 1),
(1303, 123, '2024-02-05', '08:07:00', '15:38:00', 1),
(1304, 123, '2024-02-02', '08:06:00', '13:35:00', 1),
(1305, 123, '2024-02-01', '07:58:00', '17:30:00', 1),
(1306, 136, '2024-02-29', '08:30:00', '19:01:00', 1),
(1307, 136, '2024-02-28', '08:19:00', '20:51:00', 1),
(1308, 136, '2024-02-27', '07:43:00', '19:38:00', 1),
(1309, 136, '2024-02-26', '08:19:00', '19:19:00', 1),
(1310, 136, '2024-02-23', '08:20:00', '20:00:00', 1),
(1311, 136, '2024-02-22', '08:20:00', '20:53:00', 1),
(1312, 136, '2024-02-21', '08:20:00', '20:01:00', 1),
(1313, 136, '2024-02-20', '08:40:00', '18:56:00', 1),
(1314, 136, '2024-02-19', '08:04:00', '19:55:00', 1),
(1315, 136, '2024-02-16', '08:12:00', '18:41:00', 1),
(1316, 136, '2024-02-15', '08:07:00', '18:53:00', 1),
(1317, 136, '2024-02-13', '08:20:00', '20:10:00', 1),
(1318, 136, '2024-02-12', '08:25:00', '17:34:00', 1),
(1319, 136, '2024-02-09', '08:12:00', '20:50:00', 1),
(1320, 136, '2024-02-08', '08:00:00', '20:17:00', 1),
(1321, 136, '2024-02-07', '08:27:00', '19:23:00', 1),
(1322, 136, '2024-02-06', '08:31:00', '20:02:00', 1),
(1323, 136, '2024-02-05', '08:30:00', '19:35:00', 1),
(1324, 136, '2024-02-02', '08:20:00', '15:43:00', 1),
(1325, 136, '2024-02-01', '08:31:00', '19:57:00', 1),
(1326, 18, '2024-02-29', '08:25:00', '19:00:00', 1),
(1327, 18, '2024-02-28', '08:26:00', '22:30:00', 1),
(1328, 18, '2024-02-27', '08:32:00', '18:51:00', 1),
(1329, 18, '2024-02-26', '08:27:00', '18:46:00', 1),
(1330, 47, '2024-02-29', '07:27:00', '19:00:00', 1),
(1331, 47, '2024-02-28', '07:24:00', '18:26:00', 1),
(1332, 47, '2024-02-27', '06:59:00', '18:41:00', 1),
(1333, 47, '2024-02-26', '07:33:00', '18:30:00', 1),
(1334, 47, '2024-02-23', '07:09:00', '18:20:00', 1),
(1335, 47, '2024-02-22', '07:13:00', '17:39:00', 1),
(1336, 47, '2024-02-21', '07:28:00', '17:41:00', 1),
(1337, 47, '2024-02-20', '07:17:00', '17:51:00', 1),
(1338, 47, '2024-02-19', '07:24:00', '16:06:00', 1),
(1339, 47, '2024-02-16', '07:30:00', '14:16:00', 1),
(1340, 47, '2024-02-15', '07:14:00', '18:50:00', 1),
(1341, 47, '2024-02-14', '07:26:00', '18:14:00', 1),
(1342, 47, '2024-02-13', '07:20:00', '18:33:00', 1),
(1343, 47, '2024-02-12', '07:25:00', '16:57:00', 1),
(1344, 47, '2024-02-09', '07:26:00', '17:38:00', 1),
(1345, 47, '2024-02-08', '07:22:00', '16:04:00', 1),
(1346, 47, '2024-02-07', '07:21:00', '17:44:00', 1),
(1347, 47, '2024-02-06', '07:14:00', '17:54:00', 1),
(1348, 47, '2024-02-05', '08:12:00', '17:39:00', 1),
(1349, 47, '2024-02-02', '08:08:00', '14:43:00', 1),
(1350, 47, '2024-02-01', '07:13:00', '18:25:00', 1),
(1351, 80, '2024-02-29', '07:57:00', '18:57:00', 1),
(1352, 80, '2024-02-28', '08:01:00', '18:33:00', 1),
(1353, 80, '2024-02-23', '08:02:00', '18:09:00', 1),
(1354, 80, '2024-02-22', '07:55:00', '19:19:00', 1),
(1355, 80, '2024-02-21', '13:07:00', '18:56:00', 1),
(1356, 80, '2024-02-20', '07:55:00', '18:57:00', 1),
(1357, 80, '2024-02-19', '07:54:00', '18:13:00', 1),
(1358, 80, '2024-02-16', '07:59:00', '18:04:00', 1),
(1359, 80, '2024-02-15', '07:52:00', '18:45:00', 1),
(1360, 80, '2024-02-14', '07:55:00', '20:33:00', 1),
(1361, 80, '2024-02-13', '07:53:00', '18:57:00', 1),
(1362, 80, '2024-02-12', '13:42:00', '18:33:00', 1),
(1363, 80, '2024-02-09', '08:13:00', '15:13:00', 1),
(1364, 80, '2024-02-08', '07:57:00', '21:28:00', 1),
(1365, 80, '2024-02-06', '08:00:00', '22:02:00', 1),
(1366, 80, '2024-02-05', '07:52:00', '21:24:00', 1),
(1367, 80, '2024-02-02', '08:03:00', '16:38:00', 1),
(1368, 80, '2024-02-01', '07:56:00', '19:52:00', 1),
(1369, 15, '2024-02-29', '07:40:00', '18:54:00', 1),
(1370, 15, '2024-02-28', '07:43:00', '22:30:00', 1),
(1371, 15, '2024-02-27', '07:39:00', '19:05:00', 1),
(1372, 15, '2024-02-26', '07:48:00', '19:32:00', 1),
(1373, 15, '2024-02-23', '07:54:00', '19:29:00', 1),
(1374, 15, '2024-02-22', '07:50:00', '18:50:00', 1),
(1375, 15, '2024-02-21', '07:28:00', '19:54:00', 1),
(1376, 15, '2024-02-20', '08:00:00', '18:42:00', 1),
(1377, 15, '2024-02-19', '07:42:00', '18:43:00', 1),
(1378, 15, '2024-02-16', '07:46:00', '19:17:00', 1),
(1379, 15, '2024-02-15', '08:06:00', '20:49:00', 1),
(1380, 15, '2024-02-14', '13:53:00', '20:28:00', 1),
(1381, 15, '2024-02-13', '08:44:00', '20:29:00', 1),
(1382, 15, '2024-02-12', '07:48:00', '18:53:00', 1),
(1383, 15, '2024-02-09', '07:34:00', '14:23:00', 1),
(1384, 15, '2024-02-08', '07:10:00', '18:43:00', 1),
(1385, 15, '2024-02-07', '07:12:00', '22:22:00', 1),
(1386, 15, '2024-02-06', '07:57:00', '19:26:00', 1),
(1387, 15, '2024-02-05', '07:37:00', '19:19:00', 1),
(1388, 15, '2024-02-02', '07:34:00', '15:45:00', 1),
(1389, 15, '2024-02-01', '07:35:00', '18:30:00', 1),
(1390, 19, '2024-02-29', '08:33:00', '18:51:00', 1),
(1391, 19, '2024-02-28', '08:18:00', '18:37:00', 1),
(1392, 19, '2024-02-27', '08:25:00', '18:58:00', 1),
(1393, 19, '2024-02-26', '08:23:00', '19:27:00', 1),
(1394, 19, '2024-02-23', '08:32:00', '19:13:00', 1),
(1395, 19, '2024-02-22', '08:26:00', '18:52:00', 1),
(1396, 19, '2024-02-21', '08:38:00', '08:38:00', 1),
(1397, 19, '2024-02-20', '08:21:00', '19:04:00', 1),
(1398, 19, '2024-02-19', '08:48:00', '19:29:00', 1),
(1399, 19, '2024-02-16', '08:30:00', '16:13:00', 1),
(1400, 19, '2024-02-15', '08:21:00', '19:41:00', 1),
(1401, 19, '2024-02-14', '08:41:00', '19:29:00', 1),
(1402, 19, '2024-02-13', '08:28:00', '19:24:00', 1),
(1403, 19, '2024-02-12', '08:35:00', '19:24:00', 1),
(1404, 19, '2024-02-09', '08:29:00', '14:26:00', 1),
(1405, 19, '2024-02-08', '08:22:00', '18:47:00', 1),
(1406, 19, '2024-02-07', '08:30:00', '18:46:00', 1),
(1407, 19, '2024-02-06', '08:23:00', '19:03:00', 1),
(1408, 19, '2024-02-05', '08:30:00', '19:34:00', 1),
(1409, 19, '2024-02-02', '08:04:00', '15:23:00', 1),
(1410, 19, '2024-02-01', '08:56:00', '19:37:00', 1),
(1411, 75, '2024-02-29', '07:54:00', '18:48:00', 1),
(1412, 75, '2024-02-28', '07:47:00', '18:46:00', 1),
(1413, 75, '2024-02-27', '07:41:00', '19:16:00', 1),
(1414, 75, '2024-02-26', '07:39:00', '18:48:00', 1),
(1415, 75, '2024-02-23', '07:42:00', '18:30:00', 1),
(1416, 75, '2024-02-22', '07:54:00', '18:22:00', 1),
(1417, 75, '2024-02-21', '07:29:00', '18:19:00', 1),
(1418, 75, '2024-02-20', '07:42:00', '18:23:00', 1),
(1419, 75, '2024-02-19', '07:34:00', '18:32:00', 1),
(1420, 75, '2024-02-16', '07:29:00', '07:29:00', 1),
(1421, 75, '2024-02-13', '07:54:00', '19:15:00', 1),
(1422, 75, '2024-02-12', '07:36:00', '18:48:00', 1),
(1423, 75, '2024-02-09', '08:22:00', '14:00:00', 1),
(1424, 75, '2024-02-08', '07:53:00', '18:05:00', 1),
(1425, 75, '2024-02-07', '07:39:00', '18:00:00', 1),
(1426, 75, '2024-02-06', '08:04:00', '18:05:00', 1),
(1427, 75, '2024-02-05', '07:55:00', '18:00:00', 1),
(1428, 75, '2024-02-02', '08:01:00', '08:01:00', 1),
(1429, 75, '2024-02-01', '07:56:00', '18:57:00', 1),
(1430, 99, '2024-02-29', '08:52:00', '18:46:00', 1),
(1431, 99, '2024-02-28', '08:57:00', '21:15:00', 1),
(1432, 99, '2024-02-27', '08:40:00', '20:59:00', 1),
(1433, 99, '2024-02-26', '08:54:00', '19:41:00', 1),
(1434, 99, '2024-02-23', '08:46:00', '19:45:00', 1),
(1435, 99, '2024-02-22', '08:59:00', '12:39:00', 1),
(1436, 99, '2024-02-21', '08:50:00', '20:27:00', 1),
(1437, 99, '2024-02-20', '08:45:00', '19:29:00', 1),
(1438, 99, '2024-02-19', '08:35:00', '18:54:00', 1),
(1439, 99, '2024-02-16', '08:16:00', '14:43:00', 1),
(1440, 99, '2024-02-15', '08:59:00', '20:23:00', 1),
(1441, 99, '2024-02-14', '09:35:00', '20:09:00', 1),
(1442, 99, '2024-02-13', '08:57:00', '19:28:00', 1),
(1443, 99, '2024-02-12', '08:53:00', '19:48:00', 1),
(1444, 99, '2024-02-09', '08:27:00', '14:24:00', 1),
(1445, 99, '2024-02-08', '08:49:00', '19:56:00', 1),
(1446, 99, '2024-02-07', '09:21:00', '20:26:00', 1),
(1447, 99, '2024-02-06', '09:03:00', '17:12:00', 1),
(1448, 99, '2024-02-05', '09:10:00', '21:06:00', 1),
(1449, 99, '2024-02-02', '08:26:00', '14:23:00', 1),
(1450, 99, '2024-02-01', '09:16:00', '19:55:00', 1),
(1451, 95, '2024-02-29', '08:24:00', '18:45:00', 1),
(1452, 95, '2024-02-28', '08:06:00', '20:55:00', 1),
(1453, 95, '2024-02-27', '07:58:00', '21:13:00', 1),
(1454, 95, '2024-02-26', '08:09:00', '20:06:00', 1),
(1455, 95, '2024-02-23', '07:58:00', '20:09:00', 1),
(1456, 95, '2024-02-22', '07:57:00', '21:31:00', 1),
(1457, 95, '2024-02-21', '08:10:00', '20:47:00', 1),
(1458, 95, '2024-02-20', '08:13:00', '20:12:00', 1),
(1459, 95, '2024-02-19', '08:07:00', '18:42:00', 1),
(1460, 95, '2024-02-16', '07:45:00', '17:14:00', 1),
(1461, 95, '2024-02-15', '08:47:00', '22:58:00', 1),
(1462, 95, '2024-02-14', '08:06:00', '19:19:00', 1),
(1463, 95, '2024-02-13', '07:59:00', '19:27:00', 1),
(1464, 95, '2024-02-12', '08:15:00', '18:39:00', 1),
(1465, 95, '2024-02-09', '07:48:00', '14:23:00', 1),
(1466, 95, '2024-02-08', '08:28:00', '19:15:00', 1),
(1467, 95, '2024-02-07', '08:08:00', '19:45:00', 1),
(1468, 95, '2024-02-06', '08:12:00', '19:40:00', 1),
(1469, 95, '2024-02-05', '08:15:00', '20:34:00', 1),
(1470, 95, '2024-02-02', '08:12:00', '15:35:00', 1),
(1471, 95, '2024-02-01', '08:26:00', '20:02:00', 1),
(1472, 83, '2024-02-29', '08:29:00', '18:44:00', 1),
(1473, 83, '2024-02-28', '08:26:00', '21:12:00', 1),
(1474, 83, '2024-02-27', '08:17:00', '19:36:00', 1),
(1475, 83, '2024-02-26', '08:26:00', '20:21:00', 1),
(1476, 83, '2024-02-23', '08:20:00', '19:25:00', 1),
(1477, 83, '2024-02-22', '08:26:00', '20:34:00', 1),
(1478, 83, '2024-02-21', '08:13:00', '19:45:00', 1),
(1479, 83, '2024-02-20', '08:19:00', '19:36:00', 1),
(1480, 83, '2024-02-19', '09:49:00', '19:03:00', 1),
(1481, 83, '2024-02-16', '08:25:00', '15:25:00', 1),
(1482, 83, '2024-02-15', '08:26:00', '19:58:00', 1),
(1483, 83, '2024-02-14', '08:26:00', '19:23:00', 1),
(1484, 83, '2024-02-13', '08:02:00', '19:15:00', 1),
(1485, 83, '2024-02-12', '11:55:00', '19:22:00', 1),
(1486, 96, '2024-02-29', '08:20:00', '18:44:00', 1),
(1487, 96, '2024-02-28', '07:59:00', '18:24:00', 1),
(1488, 96, '2024-02-27', '07:47:00', '20:01:00', 1),
(1489, 96, '2024-02-26', '08:00:00', '18:02:00', 1),
(1490, 96, '2024-02-23', '07:53:00', '18:17:00', 1),
(1491, 96, '2024-02-22', '08:02:00', '18:39:00', 1),
(1492, 96, '2024-02-21', '08:01:00', '18:50:00', 1),
(1493, 96, '2024-02-20', '07:59:00', '18:05:00', 1),
(1494, 96, '2024-02-19', '08:00:00', '14:05:00', 1),
(1495, 96, '2024-02-16', '08:28:00', '17:12:00', 1),
(1496, 96, '2024-02-15', '07:53:00', '22:04:00', 1),
(1497, 96, '2024-02-14', '07:59:00', '18:47:00', 1),
(1498, 96, '2024-02-13', '07:54:00', '18:51:00', 1),
(1499, 96, '2024-02-12', '07:41:00', '19:00:00', 1),
(1500, 96, '2024-02-09', '08:00:00', '14:12:00', 1),
(1501, 96, '2024-02-08', '07:55:00', '18:04:00', 1),
(1502, 96, '2024-02-07', '07:51:00', '18:03:00', 1),
(1503, 96, '2024-02-06', '08:01:00', '18:02:00', 1),
(1504, 96, '2024-02-05', '07:55:00', '18:03:00', 1),
(1505, 53, '2024-02-29', '08:21:00', '18:44:00', 1),
(1506, 53, '2024-02-28', '08:22:00', '19:38:00', 1),
(1507, 53, '2024-02-27', '08:03:00', '19:24:00', 1),
(1508, 53, '2024-02-26', '08:14:00', '19:15:00', 1),
(1509, 53, '2024-02-23', '08:17:00', '14:03:00', 1),
(1510, 53, '2024-02-22', '08:20:00', '19:14:00', 1),
(1511, 53, '2024-02-21', '08:16:00', '20:08:00', 1),
(1512, 53, '2024-02-20', '08:16:00', '18:33:00', 1),
(1513, 53, '2024-02-19', '08:16:00', '14:12:00', 1),
(1514, 53, '2024-02-16', '08:22:00', '10:24:00', 1),
(1515, 53, '2024-02-15', '08:26:00', '11:11:00', 1),
(1516, 53, '2024-02-14', '13:38:00', '20:32:00', 1),
(1517, 53, '2024-02-13', '08:00:00', '09:23:00', 1),
(1518, 53, '2024-02-09', '08:02:00', '15:43:00', 1),
(1519, 53, '2024-02-08', '08:24:00', '22:41:00', 1),
(1520, 53, '2024-02-07', '08:23:00', '14:01:00', 1),
(1521, 53, '2024-02-06', '08:23:00', '19:08:00', 1),
(1522, 53, '2024-02-05', '08:21:00', '14:49:00', 1),
(1523, 53, '2024-02-02', '08:01:00', '14:16:00', 1),
(1524, 53, '2024-02-01', '07:50:00', '20:26:00', 1),
(1525, 100, '2024-02-29', '08:09:00', '18:42:00', 1),
(1526, 100, '2024-02-28', '08:10:00', '18:42:00', 1),
(1527, 100, '2024-02-27', '08:13:00', '18:46:00', 1),
(1528, 100, '2024-02-26', '08:10:00', '18:43:00', 1),
(1529, 100, '2024-02-23', '08:04:00', '18:39:00', 1),
(1530, 100, '2024-02-22', '08:04:00', '18:38:00', 1),
(1531, 100, '2024-02-21', '08:10:00', '18:44:00', 1),
(1532, 100, '2024-02-20', '08:13:00', '18:41:00', 1),
(1533, 100, '2024-02-19', '08:00:00', '18:45:00', 1),
(1534, 100, '2024-02-16', '08:10:00', '14:15:00', 1),
(1535, 100, '2024-02-15', '08:10:00', '19:21:00', 1),
(1536, 100, '2024-02-14', '08:11:00', '19:19:00', 1),
(1537, 100, '2024-02-13', '08:10:00', '19:15:00', 1),
(1538, 100, '2024-02-12', '08:09:00', '19:16:00', 1),
(1539, 100, '2024-02-09', '08:08:00', '14:22:00', 1),
(1540, 100, '2024-02-08', '08:16:00', '18:35:00', 1),
(1541, 100, '2024-02-07', '08:14:00', '18:39:00', 1),
(1542, 100, '2024-02-06', '08:19:00', '18:50:00', 1),
(1543, 100, '2024-02-05', '08:14:00', '18:59:00', 1),
(1544, 82, '2024-02-29', '08:25:00', '18:42:00', 1),
(1545, 82, '2024-02-28', '08:10:00', '22:14:00', 1),
(1546, 82, '2024-02-27', '08:04:00', '20:16:00', 1),
(1547, 82, '2024-02-26', '07:59:00', '20:47:00', 1),
(1548, 82, '2024-02-23', '07:59:00', '19:48:00', 1),
(1549, 82, '2024-02-22', '08:07:00', '19:39:00', 1),
(1550, 82, '2024-02-21', '08:09:00', '20:03:00', 1),
(1551, 82, '2024-02-20', '08:31:00', '19:37:00', 1),
(1552, 82, '2024-02-19', '06:59:00', '13:59:00', 1),
(1553, 82, '2024-02-16', '08:11:00', '18:35:00', 1),
(1554, 82, '2024-02-15', '08:17:00', '20:40:00', 1),
(1555, 82, '2024-02-14', '08:12:00', '20:13:00', 1),
(1556, 82, '2024-02-13', '08:09:00', '19:28:00', 1),
(1557, 82, '2024-02-12', '07:56:00', '22:02:00', 1),
(1558, 82, '2024-02-09', '08:12:00', '16:42:00', 1),
(1559, 82, '2024-02-08', '07:53:00', '19:38:00', 1),
(1560, 82, '2024-02-07', '08:02:00', '20:38:00', 1),
(1561, 82, '2024-02-06', '07:51:00', '19:53:00', 1),
(1562, 82, '2024-02-05', '07:18:00', '20:52:00', 1),
(1563, 82, '2024-02-02', '08:07:00', '18:51:00', 1),
(1564, 82, '2024-02-01', '08:16:00', '20:16:00', 1),
(1565, 134, '2024-02-29', '09:44:00', '18:41:00', 1),
(1566, 134, '2024-02-28', '09:26:00', '17:50:00', 1),
(1567, 134, '2024-02-27', '08:42:00', '18:54:00', 1),
(1568, 134, '2024-02-26', '09:03:00', '17:53:00', 1),
(1569, 134, '2024-02-23', '10:25:00', '16:36:00', 1),
(1570, 134, '2024-02-22', '07:54:00', '18:41:00', 1),
(1571, 134, '2024-02-21', '08:35:00', '18:23:00', 1),
(1572, 134, '2024-02-20', '08:48:00', '18:43:00', 1),
(1573, 134, '2024-02-19', '08:29:00', '18:18:00', 1),
(1574, 134, '2024-02-16', '08:33:00', '16:46:00', 1),
(1575, 134, '2024-02-15', '09:23:00', '16:32:00', 1),
(1576, 134, '2024-02-14', '08:10:00', '17:53:00', 1),
(1577, 134, '2024-02-13', '11:14:00', '18:31:00', 1),
(1578, 134, '2024-02-12', '08:48:00', '18:39:00', 1),
(1579, 134, '2024-02-09', '08:32:00', '15:59:00', 1),
(1580, 134, '2024-02-08', '08:36:00', '16:51:00', 1),
(1581, 134, '2024-02-07', '08:28:00', '18:50:00', 1),
(1582, 134, '2024-02-06', '08:29:00', '18:40:00', 1),
(1583, 48, '2024-02-29', '06:54:00', '18:41:00', 1),
(1584, 48, '2024-02-28', '07:16:00', '19:31:00', 1),
(1585, 48, '2024-02-27', '07:12:00', '18:56:00', 1),
(1586, 48, '2024-02-26', '06:41:00', '18:31:00', 1),
(1587, 48, '2024-02-20', '06:46:00', '06:51:00', 1),
(1588, 48, '2024-02-19', '07:14:00', '17:46:00', 1),
(1589, 48, '2024-02-16', '07:15:00', '16:44:00', 1),
(1590, 48, '2024-02-15', '07:14:00', '18:06:00', 1),
(1591, 48, '2024-02-14', '06:48:00', '18:59:00', 1),
(1592, 48, '2024-02-13', '07:10:00', '18:45:00', 1),
(1593, 48, '2024-02-12', '07:25:00', '18:38:00', 1),
(1594, 48, '2024-02-09', '07:05:00', '14:16:00', 1),
(1595, 48, '2024-02-08', '06:50:00', '17:41:00', 1),
(1596, 48, '2024-02-07', '06:59:00', '18:52:00', 1),
(1597, 48, '2024-02-06', '06:50:00', '18:21:00', 1),
(1598, 48, '2024-02-05', '07:03:00', '18:40:00', 1),
(1599, 48, '2024-02-02', '06:45:00', '11:56:00', 1),
(1600, 48, '2024-02-01', '06:53:00', '18:10:00', 1),
(1601, 13, '2024-02-29', '07:57:00', '18:38:00', 1),
(1602, 13, '2024-02-28', '08:09:00', '18:48:00', 1),
(1603, 13, '2024-02-27', '08:02:00', '18:31:00', 1),
(1604, 13, '2024-02-26', '08:03:00', '17:44:00', 1),
(1605, 13, '2024-02-23', '08:14:00', '18:58:00', 1),
(1606, 13, '2024-02-22', '08:04:00', '18:29:00', 1),
(1607, 13, '2024-02-21', '08:13:00', '18:32:00', 1),
(1608, 13, '2024-02-20', '08:05:00', '18:18:00', 1),
(1609, 13, '2024-02-19', '08:13:00', '18:31:00', 1),
(1610, 13, '2024-02-16', '08:15:00', '14:02:00', 1),
(1611, 13, '2024-02-15', '08:18:00', '19:17:00', 1),
(1612, 13, '2024-02-14', '08:10:00', '19:18:00', 1),
(1613, 13, '2024-02-13', '08:16:00', '19:18:00', 1),
(1614, 13, '2024-02-12', '08:01:00', '19:18:00', 1),
(1615, 13, '2024-02-09', '08:04:00', '14:27:00', 1),
(1616, 13, '2024-02-08', '08:03:00', '18:34:00', 1),
(1617, 13, '2024-02-07', '08:21:00', '18:36:00', 1),
(1618, 13, '2024-02-06', '08:18:00', '18:37:00', 1),
(1619, 13, '2024-02-05', '08:11:00', '18:30:00', 1),
(1620, 13, '2024-02-02', '08:08:00', '14:44:00', 1),
(1621, 13, '2024-02-01', '08:03:00', '19:23:00', 1),
(1622, 102, '2024-02-29', '08:01:00', '18:34:00', 1),
(1623, 102, '2024-02-28', '07:51:00', '18:15:00', 1),
(1624, 102, '2024-02-23', '07:55:00', '12:40:00', 1),
(1625, 102, '2024-02-22', '07:54:00', '18:11:00', 1),
(1626, 102, '2024-02-21', '07:46:00', '18:16:00', 1),
(1627, 102, '2024-02-20', '07:55:00', '18:24:00', 1),
(1628, 102, '2024-02-19', '07:47:00', '14:04:00', 1),
(1629, 102, '2024-02-16', '08:01:00', '14:46:00', 1),
(1630, 102, '2024-02-15', '07:56:00', '19:34:00', 1),
(1631, 102, '2024-02-14', '07:51:00', '18:51:00', 1),
(1632, 102, '2024-02-13', '07:50:00', '18:50:00', 1),
(1633, 102, '2024-02-12', '07:48:00', '18:51:00', 1),
(1634, 102, '2024-02-09', '07:50:00', '17:29:00', 1),
(1635, 102, '2024-02-08', '07:57:00', '18:39:00', 1),
(1636, 102, '2024-02-07', '07:59:00', '18:07:00', 1),
(1637, 102, '2024-02-06', '07:56:00', '18:52:00', 1),
(1638, 102, '2024-02-05', '07:55:00', '18:09:00', 1),
(1639, 102, '2024-02-02', '07:57:00', '15:03:00', 1),
(1640, 102, '2024-02-01', '07:48:00', '19:02:00', 1),
(1641, 21, '2024-02-29', '07:35:00', '18:28:00', 1),
(1642, 21, '2024-02-28', '07:41:00', '20:04:00', 1),
(1643, 21, '2024-02-27', '06:49:00', '19:33:00', 1),
(1644, 21, '2024-02-20', '07:52:00', '20:41:00', 1),
(1645, 21, '2024-02-19', '07:30:00', '19:13:00', 1),
(1646, 21, '2024-02-16', '07:06:00', '19:47:00', 1),
(1647, 21, '2024-02-15', '07:17:00', '18:53:00', 1),
(1648, 21, '2024-02-14', '07:35:00', '19:21:00', 1),
(1649, 21, '2024-02-13', '07:48:00', '19:48:00', 1),
(1650, 21, '2024-02-12', '07:06:00', '19:41:00', 1),
(1651, 21, '2024-02-09', '07:02:00', '17:44:00', 1),
(1652, 21, '2024-02-08', '06:57:00', '20:13:00', 1),
(1653, 21, '2024-02-07', '07:03:00', '19:12:00', 1),
(1654, 21, '2024-02-06', '07:02:00', '19:27:00', 1),
(1655, 21, '2024-02-05', '07:06:00', '19:16:00', 1),
(1656, 21, '2024-02-02', '06:54:00', '14:42:00', 1),
(1657, 21, '2024-02-01', '07:00:00', '20:00:00', 1),
(1658, 62, '2024-02-29', '07:53:00', '18:28:00', 1),
(1659, 62, '2024-02-28', '08:22:00', '18:06:00', 1),
(1660, 62, '2024-02-27', '07:50:00', '18:04:00', 1),
(1661, 62, '2024-02-26', '08:01:00', '18:08:00', 1),
(1662, 62, '2024-02-23', '07:54:00', '18:48:00', 1),
(1663, 62, '2024-02-22', '07:52:00', '18:06:00', 1),
(1664, 62, '2024-02-21', '08:03:00', '18:07:00', 1),
(1665, 62, '2024-02-20', '07:53:00', '18:08:00', 1),
(1666, 62, '2024-02-19', '07:57:00', '18:10:00', 1),
(1667, 62, '2024-02-16', '07:50:00', '18:20:00', 1),
(1668, 62, '2024-02-15', '07:44:00', '18:10:00', 1),
(1669, 62, '2024-02-14', '07:59:00', '18:12:00', 1),
(1670, 62, '2024-02-13', '07:49:00', '18:08:00', 1),
(1671, 62, '2024-02-12', '07:53:00', '18:09:00', 1),
(1672, 62, '2024-02-09', '07:45:00', '14:55:00', 1),
(1673, 62, '2024-02-08', '07:50:00', '18:13:00', 1),
(1674, 62, '2024-02-07', '07:59:00', '18:15:00', 1),
(1675, 62, '2024-02-06', '07:51:00', '13:57:00', 1),
(1676, 62, '2024-02-05', '07:56:00', '18:06:00', 1),
(1677, 62, '2024-02-02', '07:46:00', '19:11:00', 1),
(1678, 62, '2024-02-01', '07:54:00', '18:08:00', 1),
(1679, 36, '2024-02-29', '07:27:00', '18:26:00', 1),
(1680, 36, '2024-02-28', '07:20:00', '18:17:00', 1),
(1681, 36, '2024-02-27', '07:20:00', '18:32:00', 1),
(1682, 36, '2024-02-26', '07:28:00', '17:48:00', 1),
(1683, 36, '2024-02-23', '07:28:00', '18:06:00', 1),
(1684, 36, '2024-02-22', '07:19:00', '17:42:00', 1),
(1685, 36, '2024-02-16', '07:28:00', '18:26:00', 1),
(1686, 36, '2024-02-15', '07:21:00', '17:50:00', 1),
(1687, 36, '2024-02-14', '07:20:00', '17:56:00', 1),
(1688, 36, '2024-02-13', '07:23:00', '17:54:00', 1),
(1689, 36, '2024-02-12', '07:19:00', '17:44:00', 1),
(1690, 36, '2024-02-09', '07:27:00', '14:13:00', 1),
(1691, 36, '2024-02-08', '07:39:00', '17:44:00', 1),
(1692, 36, '2024-02-07', '07:27:00', '17:47:00', 1),
(1693, 36, '2024-02-06', '07:25:00', '13:13:00', 1),
(1694, 36, '2024-02-05', '07:26:00', '17:50:00', 1),
(1695, 36, '2024-02-02', '07:27:00', '14:24:00', 1),
(1696, 36, '2024-02-01', '07:32:00', '18:12:00', 1),
(1697, 132, '2024-02-29', '08:37:00', '18:24:00', 1),
(1698, 132, '2024-02-28', '08:43:00', '18:37:00', 1),
(1699, 132, '2024-02-27', '08:35:00', '18:46:00', 1),
(1700, 132, '2024-02-26', '08:39:00', '18:45:00', 1),
(1701, 132, '2024-02-23', '08:29:00', '18:44:00', 1),
(1702, 132, '2024-02-22', '08:23:00', '18:50:00', 1),
(1703, 132, '2024-02-21', '08:54:00', '18:30:00', 1),
(1704, 132, '2024-02-20', '08:59:00', '18:32:00', 1),
(1705, 132, '2024-02-19', '08:43:00', '18:52:00', 1),
(1706, 132, '2024-02-16', '15:07:00', '18:42:00', 1),
(1707, 132, '2024-02-15', '08:43:00', '23:43:00', 1),
(1708, 132, '2024-02-14', '08:35:00', '18:38:00', 1),
(1709, 132, '2024-02-13', '08:29:00', '19:07:00', 1),
(1710, 132, '2024-02-12', '08:42:00', '18:42:00', 1),
(1711, 132, '2024-02-09', '08:29:00', '14:36:00', 1),
(1712, 132, '2024-02-08', '08:41:00', '18:56:00', 1),
(1713, 132, '2024-02-07', '08:38:00', '17:13:00', 1),
(1714, 132, '2024-02-06', '08:36:00', '19:32:00', 1),
(1715, 132, '2024-02-05', '08:26:00', '18:41:00', 1),
(1716, 132, '2024-02-02', '08:44:00', '18:36:00', 1),
(1717, 132, '2024-02-01', '08:39:00', '17:56:00', 1),
(1718, 84, '2024-02-29', '07:18:00', '18:18:00', 1),
(1719, 84, '2024-02-28', '07:23:00', '17:34:00', 1),
(1720, 84, '2024-02-27', '07:14:00', '18:36:00', 1),
(1721, 84, '2024-02-26', '07:10:00', '18:37:00', 1),
(1722, 84, '2024-02-23', '07:11:00', '17:30:00', 1),
(1723, 84, '2024-02-22', '07:02:00', '18:05:00', 1),
(1724, 84, '2024-02-21', '07:10:00', '19:28:00', 1),
(1725, 84, '2024-02-20', '10:05:00', '18:37:00', 1),
(1726, 84, '2024-02-19', '07:14:00', '18:53:00', 1),
(1727, 84, '2024-02-16', '07:17:00', '14:42:00', 1),
(1728, 84, '2024-02-15', '07:11:00', '18:42:00', 1),
(1729, 84, '2024-02-14', '07:16:00', '18:46:00', 1),
(1730, 84, '2024-02-13', '07:06:00', '19:12:00', 1),
(1731, 84, '2024-02-12', '07:15:00', '18:35:00', 1),
(1732, 84, '2024-02-09', '07:16:00', '14:19:00', 1),
(1733, 84, '2024-02-08', '07:10:00', '17:59:00', 1),
(1734, 84, '2024-02-07', '07:13:00', '18:34:00', 1),
(1735, 84, '2024-02-06', '07:15:00', '19:04:00', 1),
(1736, 84, '2024-02-02', '07:40:00', '14:14:00', 1),
(1737, 84, '2024-02-01', '07:21:00', '18:19:00', 1),
(1738, 30, '2024-02-29', '08:01:00', '18:17:00', 1),
(1739, 30, '2024-02-28', '07:53:00', '18:04:00', 1),
(1740, 30, '2024-02-27', '07:57:00', '18:09:00', 1),
(1741, 30, '2024-02-26', '07:30:00', '18:05:00', 1),
(1742, 30, '2024-02-23', '07:55:00', '18:10:00', 1),
(1743, 30, '2024-02-22', '07:54:00', '18:15:00', 1),
(1744, 30, '2024-02-21', '07:54:00', '18:01:00', 1),
(1745, 30, '2024-02-20', '07:53:00', '18:08:00', 1),
(1746, 30, '2024-02-19', '07:40:00', '18:11:00', 1),
(1747, 30, '2024-02-16', '07:44:00', '18:17:00', 1),
(1748, 30, '2024-02-15', '07:42:00', '18:11:00', 1),
(1749, 30, '2024-02-14', '07:50:00', '18:02:00', 1),
(1750, 30, '2024-02-09', '08:01:00', '14:43:00', 1),
(1751, 30, '2024-02-08', '07:49:00', '18:06:00', 1),
(1752, 30, '2024-02-07', '07:53:00', '18:01:00', 1),
(1753, 30, '2024-02-06', '07:51:00', '18:23:00', 1),
(1754, 30, '2024-02-05', '07:50:00', '18:03:00', 1),
(1755, 30, '2024-02-02', '07:46:00', '18:02:00', 1),
(1756, 30, '2024-02-01', '07:47:00', '19:10:00', 1),
(1757, 56, '2024-02-29', '07:15:00', '18:16:00', 1),
(1758, 56, '2024-02-28', '07:25:00', '18:18:00', 1),
(1759, 56, '2024-02-27', '07:18:00', '18:18:00', 1),
(1760, 56, '2024-02-26', '07:17:00', '18:17:00', 1),
(1761, 56, '2024-02-21', '07:18:00', '17:45:00', 1),
(1762, 56, '2024-02-19', '07:23:00', '11:55:00', 1),
(1763, 56, '2024-02-16', '08:18:00', '14:03:00', 1),
(1764, 56, '2024-02-15', '07:25:00', '18:19:00', 1),
(1765, 56, '2024-02-14', '07:22:00', '18:17:00', 1),
(1766, 56, '2024-02-13', '07:28:00', '18:18:00', 1),
(1767, 56, '2024-02-12', '07:25:00', '18:17:00', 1),
(1768, 56, '2024-02-09', '07:23:00', '17:32:00', 1),
(1769, 56, '2024-02-08', '07:23:00', '17:41:00', 1),
(1770, 56, '2024-02-07', '07:15:00', '17:36:00', 1),
(1771, 56, '2024-02-06', '07:21:00', '17:33:00', 1),
(1772, 56, '2024-02-05', '07:28:00', '17:33:00', 1),
(1773, 56, '2024-02-02', '08:21:00', '14:05:00', 1),
(1774, 56, '2024-02-01', '07:31:00', '18:22:00', 1),
(1775, 8, '2024-02-29', '07:00:00', '18:13:00', 1),
(1776, 8, '2024-02-28', '07:11:00', '18:54:00', 1),
(1777, 8, '2024-02-27', '07:07:00', '18:00:00', 1),
(1778, 8, '2024-02-26', '07:24:00', '18:56:00', 1),
(1779, 8, '2024-02-23', '07:01:00', '19:03:00', 1),
(1780, 8, '2024-02-22', '07:15:00', '19:29:00', 1),
(1781, 8, '2024-02-21', '07:43:00', '17:41:00', 1),
(1782, 8, '2024-02-20', '07:12:00', '17:45:00', 1),
(1783, 8, '2024-02-19', '06:52:00', '18:17:00', 1),
(1784, 8, '2024-02-12', '13:20:00', '18:40:00', 1),
(1785, 8, '2024-02-09', '07:05:00', '14:39:00', 1),
(1786, 8, '2024-02-08', '07:14:00', '18:53:00', 1),
(1787, 8, '2024-02-07', '06:59:00', '19:05:00', 1),
(1788, 8, '2024-02-06', '07:03:00', '19:31:00', 1),
(1789, 8, '2024-02-05', '07:23:00', '17:58:00', 1),
(1790, 8, '2024-02-02', '06:54:00', '15:31:00', 1),
(1791, 8, '2024-02-01', '06:48:00', '22:32:00', 1),
(1792, 29, '2024-02-29', '07:57:00', '18:05:00', 1),
(1793, 29, '2024-02-28', '08:02:00', '19:11:00', 1),
(1794, 29, '2024-02-27', '07:57:00', '18:05:00', 1),
(1795, 29, '2024-02-23', '07:55:00', '18:24:00', 1),
(1796, 29, '2024-02-22', '07:59:00', '18:12:00', 1),
(1797, 29, '2024-02-21', '07:53:00', '18:48:00', 1),
(1798, 29, '2024-02-20', '07:47:00', '18:06:00', 1),
(1799, 29, '2024-02-19', '07:53:00', '21:51:00', 1),
(1800, 29, '2024-02-16', '07:49:00', '14:38:00', 1),
(1801, 29, '2024-02-15', '07:49:00', '18:52:00', 1),
(1802, 29, '2024-02-14', '06:46:00', '17:48:00', 1),
(1803, 29, '2024-02-13', '07:45:00', '18:53:00', 1),
(1804, 29, '2024-02-12', '07:44:00', '19:47:00', 1),
(1805, 29, '2024-02-09', '07:53:00', '14:44:00', 1),
(1806, 29, '2024-02-08', '07:52:00', '19:48:00', 1),
(1807, 29, '2024-02-07', '07:34:00', '18:07:00', 1),
(1808, 29, '2024-02-06', '07:50:00', '18:42:00', 1),
(1809, 29, '2024-02-05', '07:43:00', '18:07:00', 1),
(1810, 29, '2024-02-02', '07:56:00', '14:56:00', 1),
(1811, 29, '2024-02-01', '07:53:00', '19:04:00', 1),
(1812, 44, '2024-02-29', '09:51:00', '18:04:00', 1),
(1813, 44, '2024-02-28', '07:32:00', '18:14:00', 1),
(1814, 44, '2024-02-27', '07:47:00', '18:27:00', 1),
(1815, 44, '2024-02-26', '08:31:00', '18:11:00', 1),
(1816, 44, '2024-02-23', '07:29:00', '18:32:00', 1),
(1817, 44, '2024-02-22', '07:21:00', '20:02:00', 1),
(1818, 44, '2024-02-21', '07:37:00', '18:07:00', 1),
(1819, 44, '2024-02-20', '07:36:00', '18:05:00', 1),
(1820, 44, '2024-02-19', '07:39:00', '14:00:00', 1),
(1821, 44, '2024-02-16', '07:43:00', '18:21:00', 1),
(1822, 44, '2024-02-15', '07:25:00', '18:58:00', 1),
(1823, 44, '2024-02-14', '07:27:00', '18:06:00', 1),
(1824, 44, '2024-02-13', '07:36:00', '20:00:00', 1),
(1825, 44, '2024-02-12', '07:35:00', '18:00:00', 1),
(1826, 44, '2024-02-09', '07:40:00', '14:11:00', 1),
(1827, 44, '2024-02-08', '07:36:00', '16:58:00', 1),
(1828, 44, '2024-02-07', '07:26:00', '18:40:00', 1),
(1829, 44, '2024-02-06', '07:36:00', '18:37:00', 1),
(1830, 44, '2024-02-05', '07:21:00', '13:58:00', 1),
(1831, 44, '2024-02-02', '07:33:00', '18:16:00', 1),
(1832, 44, '2024-02-01', '08:03:00', '16:02:00', 1),
(1833, 98, '2024-02-29', '07:59:00', '18:01:00', 1),
(1834, 98, '2024-02-28', '07:59:00', '15:00:00', 1),
(1835, 98, '2024-02-27', '07:54:00', '18:20:00', 1),
(1836, 98, '2024-02-26', '07:52:00', '18:11:00', 1),
(1837, 98, '2024-02-23', '07:53:00', '18:17:00', 1),
(1838, 98, '2024-02-22', '08:02:00', '17:09:00', 1),
(1839, 98, '2024-02-21', '08:01:00', '18:17:00', 1),
(1840, 98, '2024-02-20', '07:55:00', '18:05:00', 1),
(1841, 98, '2024-02-19', '08:15:00', '09:04:00', 1),
(1842, 98, '2024-02-16', '08:28:00', '14:05:00', 1),
(1843, 98, '2024-02-15', '07:54:00', '21:12:00', 1),
(1844, 98, '2024-02-14', '07:59:00', '19:02:00', 1),
(1845, 98, '2024-02-13', '07:54:00', '18:51:00', 1),
(1846, 98, '2024-02-09', '08:00:00', '14:19:00', 1),
(1847, 98, '2024-02-08', '07:55:00', '18:04:00', 1),
(1848, 98, '2024-02-07', '07:51:00', '08:43:00', 1),
(1849, 98, '2024-02-06', '08:01:00', '18:02:00', 1),
(1850, 98, '2024-02-05', '07:55:00', '12:45:00', 1),
(1851, 98, '2024-02-02', '07:48:00', '14:04:00', 1),
(1852, 98, '2024-02-01', '07:54:00', '18:48:00', 1),
(1853, 31, '2024-02-29', '06:25:00', '17:59:00', 1),
(1854, 31, '2024-02-28', '07:04:00', '17:31:00', 1),
(1855, 31, '2024-02-27', '07:16:00', '17:30:00', 1),
(1856, 31, '2024-02-26', '09:23:00', '17:30:00', 1),
(1857, 31, '2024-02-23', '07:26:00', '19:32:00', 1),
(1858, 31, '2024-02-22', '07:32:00', '16:58:00', 1),
(1859, 31, '2024-02-21', '08:47:00', '17:37:00', 1),
(1860, 31, '2024-02-20', '07:15:00', '17:31:00', 1),
(1861, 31, '2024-02-15', '06:49:00', '17:13:00', 1),
(1862, 31, '2024-02-14', '07:20:00', '17:31:00', 1),
(1863, 31, '2024-02-13', '07:26:00', '17:31:00', 1),
(1864, 31, '2024-02-12', '07:22:00', '17:31:00', 1),
(1865, 31, '2024-02-09', '07:32:00', '14:12:00', 1),
(1866, 31, '2024-02-08', '07:22:00', '19:22:00', 1),
(1867, 31, '2024-02-07', '07:20:00', '17:30:00', 1),
(1868, 31, '2024-02-06', '07:22:00', '17:43:00', 1),
(1869, 31, '2024-02-05', '07:20:00', '17:31:00', 1),
(1870, 31, '2024-02-02', '07:32:00', '14:17:00', 1),
(1871, 31, '2024-02-01', '07:16:00', '18:01:00', 1),
(1872, 94, '2024-02-29', '07:07:00', '17:53:00', 1),
(1873, 94, '2024-02-28', '07:16:00', '17:33:00', 1),
(1874, 94, '2024-02-27', '07:07:00', '18:18:00', 1),
(1875, 94, '2024-02-26', '07:02:00', '18:15:00', 1),
(1876, 94, '2024-02-23', '07:06:00', '12:48:00', 1),
(1877, 94, '2024-02-22', '07:21:00', '17:42:00', 1),
(1878, 94, '2024-02-21', '07:12:00', '17:34:00', 1),
(1879, 94, '2024-02-20', '07:19:00', '19:21:00', 1),
(1880, 94, '2024-02-19', '07:08:00', '18:36:00', 1),
(1881, 94, '2024-02-16', '07:28:00', '14:41:00', 1),
(1882, 94, '2024-02-15', '13:25:00', '20:45:00', 1),
(1883, 94, '2024-02-14', '07:15:00', '07:15:00', 1),
(1884, 94, '2024-02-13', '07:15:00', '18:50:00', 1),
(1885, 94, '2024-02-12', '07:17:00', '18:52:00', 1),
(1886, 94, '2024-02-09', '07:12:00', '14:09:00', 1),
(1887, 94, '2024-02-08', '07:15:00', '12:30:00', 1),
(1888, 94, '2024-02-07', '06:58:00', '18:03:00', 1),
(1889, 94, '2024-02-05', '07:18:00', '17:33:00', 1),
(1890, 94, '2024-02-02', '07:24:00', '14:04:00', 1),
(1891, 94, '2024-02-01', '07:18:00', '18:48:00', 1),
(1892, 9, '2024-02-29', '07:26:00', '17:36:00', 1),
(1893, 9, '2024-02-28', '07:31:00', '17:38:00', 1),
(1894, 9, '2024-02-27', '07:29:00', '17:38:00', 1),
(1895, 9, '2024-02-26', '07:53:00', '17:58:00', 1),
(1896, 9, '2024-02-23', '07:28:00', '14:44:00', 1),
(1897, 9, '2024-02-22', '07:28:00', '17:38:00', 1),
(1898, 9, '2024-02-21', '07:29:00', '18:12:00', 1),
(1899, 9, '2024-02-20', '07:27:00', '17:35:00', 1),
(1900, 9, '2024-02-19', '07:29:00', '18:07:00', 1),
(1901, 9, '2024-02-16', '07:27:00', '14:03:00', 1),
(1902, 9, '2024-02-15', '07:27:00', '17:36:00', 1),
(1903, 9, '2024-02-14', '07:28:00', '18:07:00', 1),
(1904, 9, '2024-02-13', '07:30:00', '17:41:00', 1),
(1905, 9, '2024-02-12', '07:30:00', '17:43:00', 1),
(1906, 9, '2024-02-09', '07:30:00', '14:25:00', 1),
(1907, 9, '2024-02-08', '07:28:00', '17:47:00', 1),
(1908, 9, '2024-02-07', '07:29:00', '19:27:00', 1),
(1909, 9, '2024-02-06', '07:32:00', '17:37:00', 1),
(1910, 9, '2024-02-05', '07:29:00', '19:18:00', 1),
(1911, 9, '2024-02-02', '07:30:00', '16:11:00', 1),
(1912, 9, '2024-02-01', '07:28:00', '23:44:00', 1),
(1913, 114, '2024-02-29', '08:17:00', '17:33:00', 1),
(1914, 114, '2024-02-28', '07:29:00', '18:15:00', 1),
(1915, 114, '2024-02-27', '06:56:00', '15:26:00', 1),
(1916, 114, '2024-02-26', '07:18:00', '13:47:00', 1),
(1917, 114, '2024-02-23', '07:18:00', '19:39:00', 1),
(1918, 114, '2024-02-22', '07:15:00', '19:55:00', 1),
(1919, 114, '2024-02-21', '07:18:00', '22:23:00', 1),
(1920, 114, '2024-02-20', '07:31:00', '20:30:00', 1),
(1921, 114, '2024-02-19', '06:49:00', '20:43:00', 1),
(1922, 114, '2024-02-16', '07:18:00', '17:15:00', 1),
(1923, 114, '2024-02-15', '15:08:00', '15:08:00', 1),
(1924, 114, '2024-02-14', '07:27:00', '14:31:00', 1),
(1925, 114, '2024-02-13', '07:24:00', '17:27:00', 1),
(1926, 114, '2024-02-12', '07:16:00', '17:19:00', 1),
(1927, 114, '2024-02-09', '07:19:00', '13:55:00', 1),
(1928, 114, '2024-02-08', '07:22:00', '17:34:00', 1),
(1929, 114, '2024-02-07', '07:20:00', '13:32:00', 1),
(1930, 114, '2024-02-06', '07:23:00', '17:53:00', 1),
(1931, 114, '2024-02-01', '07:23:00', '18:21:00', 1),
(1932, 32, '2024-02-29', '07:23:00', '17:32:00', 1),
(1933, 32, '2024-02-28', '07:29:00', '17:34:00', 1),
(1934, 32, '2024-02-27', '07:28:00', '17:43:00', 1),
(1935, 32, '2024-02-26', '07:19:00', '17:48:00', 1),
(1936, 32, '2024-02-23', '07:16:00', '18:12:00', 1),
(1937, 32, '2024-02-22', '07:22:00', '18:11:00', 1),
(1938, 32, '2024-02-21', '07:34:00', '17:32:00', 1),
(1939, 32, '2024-02-20', '07:30:00', '17:37:00', 1),
(1940, 32, '2024-02-19', '07:10:00', '17:48:00', 1),
(1941, 32, '2024-02-16', '07:25:00', '14:21:00', 1),
(1942, 32, '2024-02-15', '07:25:00', '18:16:00', 1),
(1943, 32, '2024-02-14', '07:27:00', '18:53:00', 1),
(1944, 32, '2024-02-13', '07:19:00', '18:46:00', 1),
(1945, 32, '2024-02-12', '07:25:00', '19:06:00', 1),
(1946, 32, '2024-02-09', '07:13:00', '15:53:00', 1),
(1947, 32, '2024-02-08', '07:25:00', '17:38:00', 1),
(1948, 32, '2024-02-07', '07:30:00', '17:36:00', 1),
(1949, 32, '2024-02-01', '07:25:00', '18:28:00', 1),
(1950, 16, '2024-02-29', '08:43:00', '17:27:00', 1),
(1951, 16, '2024-02-28', '08:43:00', '17:35:00', 1),
(1952, 16, '2024-02-27', '08:50:00', '12:39:00', 1),
(1953, 16, '2024-02-26', '08:17:00', '20:02:00', 1),
(1954, 16, '2024-02-23', '08:52:00', '19:13:00', 1),
(1955, 16, '2024-02-22', '08:50:00', '20:01:00', 1),
(1956, 16, '2024-02-21', '08:12:00', '20:00:00', 1),
(1957, 16, '2024-02-20', '08:10:00', '20:28:00', 1),
(1958, 16, '2024-02-19', '08:41:00', '17:02:00', 1),
(1959, 16, '2024-02-16', '08:04:00', '16:03:00', 1),
(1960, 16, '2024-02-15', '08:52:00', '20:25:00', 1),
(1961, 16, '2024-02-14', '08:52:00', '20:27:00', 1),
(1962, 16, '2024-02-13', '08:57:00', '20:04:00', 1),
(1963, 16, '2024-02-12', '08:39:00', '21:54:00', 1),
(1964, 16, '2024-02-09', '08:38:00', '14:48:00', 1),
(1965, 16, '2024-02-08', '08:43:00', '19:20:00', 1),
(1966, 16, '2024-02-07', '08:54:00', '21:27:00', 1),
(1967, 16, '2024-02-06', '08:50:00', '19:51:00', 1),
(1968, 16, '2024-02-05', '08:49:00', '19:45:00', 1),
(1969, 16, '2024-02-02', '08:52:00', '15:49:00', 1);
INSERT INTO `attendance` (`attendance_id`, `employee_id`, `date`, `enter_time`, `leave_time`, `valid`) VALUES
(1970, 16, '2024-02-01', '08:52:00', '23:18:00', 1),
(1971, 35, '2024-02-29', '08:36:00', '17:07:00', 1),
(1972, 35, '2024-02-28', '08:28:00', '18:57:00', 1),
(1973, 35, '2024-02-27', '08:35:00', '15:39:00', 1),
(1974, 35, '2024-02-26', '08:33:00', '18:53:00', 1),
(1975, 35, '2024-02-23', '08:24:00', '18:58:00', 1),
(1976, 35, '2024-02-22', '08:33:00', '18:49:00', 1),
(1977, 35, '2024-02-21', '08:38:00', '18:54:00', 1),
(1978, 35, '2024-02-19', '08:31:00', '18:56:00', 1),
(1979, 35, '2024-02-16', '08:25:00', '14:42:00', 1),
(1980, 35, '2024-02-15', '08:27:00', '19:45:00', 1),
(1981, 35, '2024-02-14', '08:36:00', '19:21:00', 1),
(1982, 35, '2024-02-13', '08:27:00', '19:18:00', 1),
(1983, 35, '2024-02-12', '08:40:00', '18:52:00', 1),
(1984, 35, '2024-02-09', '08:27:00', '17:33:00', 1),
(1985, 35, '2024-02-08', '08:49:00', '19:11:00', 1),
(1986, 35, '2024-02-07', '08:41:00', '19:07:00', 1),
(1987, 35, '2024-02-06', '09:14:00', '19:21:00', 1),
(1988, 35, '2024-02-05', '08:43:00', '19:13:00', 1),
(1989, 35, '2024-02-02', '08:41:00', '16:38:00', 1),
(1990, 35, '2024-02-01', '08:40:00', '19:56:00', 1),
(1991, 119, '2024-02-29', '06:49:00', '17:01:00', 1),
(1992, 119, '2024-02-28', '06:56:00', '17:14:00', 1),
(1993, 119, '2024-02-27', '06:47:00', '17:06:00', 1),
(1994, 119, '2024-02-26', '06:54:00', '17:30:00', 1),
(1995, 119, '2024-02-23', '06:54:00', '06:54:00', 1),
(1996, 119, '2024-02-22', '06:57:00', '19:47:00', 1),
(1997, 119, '2024-02-21', '06:52:00', '17:07:00', 1),
(1998, 119, '2024-02-20', '06:57:00', '14:17:00', 1),
(1999, 119, '2024-02-19', '06:53:00', '17:03:00', 1),
(2000, 119, '2024-02-16', '07:47:00', '11:17:00', 1),
(2001, 119, '2024-02-15', '06:53:00', '17:47:00', 1),
(2002, 119, '2024-02-14', '06:50:00', '17:50:00', 1),
(2003, 119, '2024-02-13', '06:50:00', '17:45:00', 1),
(2004, 119, '2024-02-12', '06:50:00', '17:56:00', 1),
(2005, 119, '2024-02-09', '08:03:00', '14:01:00', 1),
(2006, 119, '2024-02-08', '06:54:00', '16:55:00', 1),
(2007, 119, '2024-02-07', '06:54:00', '18:32:00', 1),
(2008, 119, '2024-02-06', '06:51:00', '15:52:00', 1),
(2009, 119, '2024-02-05', '06:55:00', '15:23:00', 1),
(2010, 119, '2024-02-02', '07:50:00', '07:50:00', 1),
(2011, 119, '2024-02-01', '06:58:00', '17:50:00', 1),
(2012, 59, '2024-02-29', '07:16:00', '16:57:00', 1),
(2013, 59, '2024-02-28', '07:15:00', '13:09:00', 1),
(2014, 59, '2024-02-27', '07:22:00', '19:34:00', 1),
(2015, 59, '2024-02-26', '07:08:00', '19:30:00', 1),
(2016, 59, '2024-02-23', '07:13:00', '13:28:00', 1),
(2017, 59, '2024-02-22', '07:23:00', '19:21:00', 1),
(2018, 59, '2024-02-21', '07:24:00', '15:24:00', 1),
(2019, 59, '2024-02-20', '07:24:00', '17:32:00', 1),
(2020, 59, '2024-02-19', '06:53:00', '19:43:00', 1),
(2021, 59, '2024-02-16', '07:15:00', '13:00:00', 1),
(2022, 59, '2024-02-15', '07:04:00', '13:08:00', 1),
(2023, 59, '2024-02-14', '07:08:00', '18:22:00', 1),
(2024, 59, '2024-02-13', '07:24:00', '20:02:00', 1),
(2025, 59, '2024-02-12', '07:11:00', '18:37:00', 1),
(2026, 59, '2024-02-09', '07:34:00', '16:27:00', 1),
(2027, 59, '2024-02-08', '07:12:00', '14:09:00', 1),
(2028, 59, '2024-02-07', '07:28:00', '14:26:00', 1),
(2029, 59, '2024-02-06', '07:10:00', '20:06:00', 1),
(2030, 59, '2024-02-05', '07:19:00', '19:49:00', 1),
(2031, 107, '2024-02-29', '11:08:00', '16:54:00', 1),
(2032, 107, '2024-02-28', '08:27:00', '15:48:00', 1),
(2033, 107, '2024-02-27', '08:35:00', '18:48:00', 1),
(2034, 107, '2024-02-26', '08:19:00', '14:58:00', 1),
(2035, 107, '2024-02-23', '08:25:00', '18:38:00', 1),
(2036, 107, '2024-02-22', '08:23:00', '18:40:00', 1),
(2037, 107, '2024-02-21', '08:27:00', '18:40:00', 1),
(2038, 107, '2024-02-20', '08:26:00', '18:39:00', 1),
(2039, 107, '2024-02-19', '15:37:00', '16:47:00', 1),
(2040, 107, '2024-02-16', '11:30:00', '15:02:00', 1),
(2041, 107, '2024-02-15', '08:20:00', '18:39:00', 1),
(2042, 107, '2024-02-14', '08:18:00', '18:35:00', 1),
(2043, 107, '2024-02-13', '08:20:00', '14:35:00', 1),
(2044, 107, '2024-02-12', '08:16:00', '18:53:00', 1),
(2045, 107, '2024-02-09', '08:17:00', '14:08:00', 1),
(2046, 107, '2024-02-08', '08:16:00', '17:59:00', 1),
(2047, 107, '2024-02-07', '10:55:00', '14:49:00', 1),
(2048, 107, '2024-02-06', '08:29:00', '18:33:00', 1),
(2049, 107, '2024-02-05', '08:20:00', '18:28:00', 1),
(2050, 107, '2024-02-02', '08:27:00', '15:07:00', 1),
(2051, 107, '2024-02-01', '08:23:00', '19:04:00', 1),
(2052, 109, '2024-02-29', '09:04:00', '16:39:00', 1),
(2053, 109, '2024-02-28', '08:50:00', '19:40:00', 1),
(2054, 109, '2024-02-27', '08:32:00', '19:59:00', 1),
(2055, 109, '2024-02-26', '08:54:00', '19:37:00', 1),
(2056, 109, '2024-02-23', '08:57:00', '13:50:00', 1),
(2057, 109, '2024-02-22', '08:54:00', '19:33:00', 1),
(2058, 109, '2024-02-21', '08:55:00', '15:38:00', 1),
(2059, 109, '2024-02-20', '08:57:00', '20:00:00', 1),
(2060, 109, '2024-02-19', '08:16:00', '19:39:00', 1),
(2061, 109, '2024-02-16', '10:41:00', '19:30:00', 1),
(2062, 109, '2024-02-15', '08:50:00', '19:19:00', 1),
(2063, 109, '2024-02-14', '08:30:00', '15:33:00', 1),
(2064, 109, '2024-02-13', '08:49:00', '20:22:00', 1),
(2065, 109, '2024-02-12', '08:38:00', '19:37:00', 1),
(2066, 109, '2024-02-09', '08:57:00', '12:29:00', 1),
(2067, 109, '2024-02-08', '08:34:00', '18:18:00', 1),
(2068, 109, '2024-02-07', '08:55:00', '21:05:00', 1),
(2069, 109, '2024-02-06', '08:50:00', '21:12:00', 1),
(2070, 109, '2024-02-05', '08:47:00', '14:27:00', 1),
(2071, 109, '2024-02-02', '08:56:00', '20:22:00', 1),
(2072, 109, '2024-02-01', '08:45:00', '22:33:00', 1),
(2073, 125, '2024-02-29', '07:51:00', '16:35:00', 1),
(2074, 125, '2024-02-28', '08:38:00', '18:27:00', 1),
(2075, 125, '2024-02-27', '07:49:00', '20:46:00', 1),
(2076, 125, '2024-02-26', '07:53:00', '18:48:00', 1),
(2077, 125, '2024-02-23', '07:48:00', '19:02:00', 1),
(2078, 125, '2024-02-22', '07:55:00', '18:07:00', 1),
(2079, 125, '2024-02-21', '07:51:00', '12:35:00', 1),
(2080, 125, '2024-02-20', '07:54:00', '18:21:00', 1),
(2081, 125, '2024-02-19', '07:56:00', '19:23:00', 1),
(2082, 125, '2024-02-15', '08:33:00', '18:40:00', 1),
(2083, 125, '2024-02-14', '07:54:00', '19:14:00', 1),
(2084, 125, '2024-02-13', '07:35:00', '19:24:00', 1),
(2085, 125, '2024-02-12', '07:53:00', '15:05:00', 1),
(2086, 125, '2024-02-09', '07:48:00', '18:05:00', 1),
(2087, 125, '2024-02-08', '07:47:00', '18:37:00', 1),
(2088, 125, '2024-02-07', '11:12:00', '19:53:00', 1),
(2089, 125, '2024-02-02', '08:18:00', '14:06:00', 1),
(2090, 125, '2024-02-01', '07:52:00', '19:23:00', 1),
(2091, 120, '2024-02-29', '06:57:00', '14:45:00', 1),
(2092, 120, '2024-02-28', '06:58:00', '17:00:00', 1),
(2093, 120, '2024-02-27', '06:58:00', '17:04:00', 1),
(2094, 120, '2024-02-26', '06:58:00', '17:02:00', 1),
(2095, 120, '2024-02-23', '06:58:00', '16:04:00', 1),
(2096, 120, '2024-02-22', '06:58:00', '19:51:00', 1),
(2097, 120, '2024-02-21', '06:57:00', '17:04:00', 1),
(2098, 120, '2024-02-20', '06:37:00', '17:05:00', 1),
(2099, 120, '2024-02-19', '06:59:00', '17:24:00', 1),
(2100, 120, '2024-02-16', '06:58:00', '17:55:00', 1),
(2101, 120, '2024-02-15', '06:57:00', '17:12:00', 1),
(2102, 120, '2024-02-14', '06:58:00', '17:02:00', 1),
(2103, 120, '2024-02-13', '06:57:00', '17:04:00', 1),
(2104, 120, '2024-02-12', '06:58:00', '17:02:00', 1),
(2105, 120, '2024-02-09', '07:05:00', '15:15:00', 1),
(2106, 120, '2024-02-08', '06:57:00', '17:02:00', 1),
(2107, 120, '2024-02-07', '06:58:00', '18:42:00', 1),
(2108, 120, '2024-02-06', '06:58:00', '17:02:00', 1),
(2109, 120, '2024-02-05', '06:58:00', '17:06:00', 1),
(2110, 120, '2024-02-02', '06:57:00', '15:42:00', 1),
(2111, 120, '2024-02-01', '06:58:00', '17:29:00', 1),
(2112, 52, '2024-02-29', '08:36:00', '14:24:00', 1),
(2113, 52, '2024-02-28', '08:57:00', '19:42:00', 1),
(2114, 52, '2024-02-27', '08:38:00', '19:24:00', 1),
(2115, 52, '2024-02-26', '08:46:00', '13:41:00', 1),
(2116, 52, '2024-02-23', '08:43:00', '14:05:00', 1),
(2117, 52, '2024-02-22', '15:00:00', '19:14:00', 1),
(2118, 52, '2024-02-21', '08:41:00', '20:08:00', 1),
(2119, 52, '2024-02-16', '07:57:00', '11:09:00', 1),
(2120, 52, '2024-02-15', '08:41:00', '20:13:00', 1),
(2121, 52, '2024-02-14', '08:41:00', '20:32:00', 1),
(2122, 52, '2024-02-13', '08:48:00', '08:56:00', 1),
(2123, 52, '2024-02-12', '08:43:00', '20:00:00', 1),
(2124, 52, '2024-02-09', '15:11:00', '15:43:00', 1),
(2125, 52, '2024-02-08', '08:41:00', '19:25:00', 1),
(2126, 52, '2024-02-07', '08:34:00', '19:41:00', 1),
(2127, 52, '2024-02-06', '15:10:00', '19:08:00', 1),
(2128, 52, '2024-02-05', '14:26:00', '14:48:00', 1),
(2129, 52, '2024-02-02', '08:44:00', '14:16:00', 1),
(2130, 52, '2024-02-01', '07:59:00', '20:26:00', 1),
(2131, 105, '2024-02-29', '09:04:00', '14:07:00', 1),
(2132, 105, '2024-02-28', '09:07:00', '18:41:00', 1),
(2133, 105, '2024-02-26', '09:09:00', '19:03:00', 1),
(2134, 105, '2024-02-23', '08:58:00', '14:41:00', 1),
(2135, 105, '2024-02-20', '08:54:00', '19:17:00', 1),
(2136, 105, '2024-02-19', '09:15:00', '19:03:00', 1),
(2137, 105, '2024-02-16', '08:47:00', '09:12:00', 1),
(2138, 105, '2024-02-15', '08:51:00', '09:09:00', 1),
(2139, 105, '2024-02-14', '08:50:00', '19:38:00', 1),
(2140, 105, '2024-02-13', '08:52:00', '19:58:00', 1),
(2141, 105, '2024-02-12', '09:02:00', '19:43:00', 1),
(2142, 105, '2024-02-09', '08:53:00', '15:12:00', 1),
(2143, 105, '2024-02-08', '11:48:00', '19:34:00', 1),
(2144, 105, '2024-02-07', '14:20:00', '21:16:00', 1),
(2145, 105, '2024-02-06', '08:47:00', '21:12:00', 1),
(2146, 105, '2024-02-05', '09:06:00', '22:20:00', 1),
(2147, 23, '2024-02-29', '08:25:00', '13:56:00', 1),
(2148, 23, '2024-02-28', '08:18:00', '19:33:00', 1),
(2149, 23, '2024-02-23', '08:12:00', '18:51:00', 1),
(2150, 23, '2024-02-22', '08:23:00', '18:41:00', 1),
(2151, 23, '2024-02-21', '08:20:00', '19:28:00', 1),
(2152, 23, '2024-02-20', '08:12:00', '19:45:00', 1),
(2153, 23, '2024-02-19', '08:18:00', '19:01:00', 1),
(2154, 23, '2024-02-16', '08:25:00', '22:24:00', 1),
(2155, 23, '2024-02-15', '08:16:00', '15:02:00', 1),
(2156, 23, '2024-02-14', '08:18:00', '19:24:00', 1),
(2157, 23, '2024-02-13', '08:24:00', '18:56:00', 1),
(2158, 23, '2024-02-12', '08:15:00', '19:00:00', 1),
(2159, 23, '2024-02-10', '09:18:00', '12:33:00', 1),
(2160, 23, '2024-02-09', '08:19:00', '14:55:00', 1),
(2161, 23, '2024-02-08', '08:18:00', '19:00:00', 1),
(2162, 23, '2024-02-07', '08:17:00', '19:05:00', 1),
(2163, 23, '2024-02-06', '08:22:00', '19:34:00', 1),
(2164, 23, '2024-02-05', '08:20:00', '18:47:00', 1),
(2165, 23, '2024-02-02', '08:20:00', '14:09:00', 1),
(2166, 23, '2024-02-01', '08:13:00', '19:29:00', 1),
(2167, 89, '2024-02-29', '13:39:00', '13:39:00', 1),
(2168, 89, '2024-02-28', '12:40:00', '12:40:00', 1),
(2169, 89, '2024-02-22', '15:18:00', '18:31:00', 1),
(2170, 89, '2024-02-19', '09:32:00', '09:32:00', 1),
(2171, 89, '2024-02-16', '10:21:00', '13:19:00', 1),
(2172, 104, '2024-02-29', '08:25:00', '08:50:00', 1),
(2173, 104, '2024-02-28', '08:22:00', '20:20:00', 1),
(2174, 104, '2024-02-27', '01:06:00', '15:20:00', 1),
(2175, 104, '2024-02-26', '08:43:00', '23:35:00', 1),
(2176, 104, '2024-02-23', '08:47:00', '18:55:00', 1),
(2177, 104, '2024-02-22', '08:42:00', '20:15:00', 1),
(2178, 104, '2024-02-21', '08:36:00', '14:37:00', 1),
(2179, 104, '2024-02-20', '07:37:00', '19:15:00', 1),
(2180, 104, '2024-02-19', '08:48:00', '10:55:00', 1),
(2181, 104, '2024-02-16', '08:42:00', '19:45:00', 1),
(2182, 104, '2024-02-15', '08:36:00', '13:44:00', 1),
(2183, 104, '2024-02-14', '08:03:00', '15:55:00', 1),
(2184, 104, '2024-02-13', '08:43:00', '19:23:00', 1),
(2185, 104, '2024-02-12', '08:19:00', '19:24:00', 1),
(2186, 138, '2024-02-29', '08:49:00', '08:49:00', 1),
(2187, 138, '2024-02-28', '08:33:00', '20:31:00', 1),
(2188, 138, '2024-02-27', '08:12:00', '18:37:00', 1),
(2189, 138, '2024-02-26', '08:38:00', '19:00:00', 1),
(2190, 138, '2024-02-23', '08:36:00', '18:38:00', 1),
(2191, 138, '2024-02-22', '08:44:00', '18:50:00', 1),
(2192, 138, '2024-02-21', '08:14:00', '18:31:00', 1),
(2193, 138, '2024-02-20', '08:24:00', '18:32:00', 1),
(2194, 138, '2024-02-19', '08:20:00', '08:20:00', 1),
(2195, 138, '2024-02-16', '08:22:00', '18:33:00', 1),
(2196, 138, '2024-02-15', '09:24:00', '22:05:00', 1),
(2197, 138, '2024-02-10', '08:45:00', '13:09:00', 1),
(2198, 138, '2024-02-09', '08:15:00', '14:48:00', 1),
(2199, 138, '2024-02-08', '09:17:00', '18:41:00', 1),
(2200, 138, '2024-02-07', '08:51:00', '18:52:00', 1),
(2201, 138, '2024-02-06', '08:44:00', '19:45:00', 1),
(2202, 138, '2024-02-02', '08:56:00', '18:32:00', 1),
(2203, 138, '2024-02-01', '09:01:00', '18:48:00', 1),
(2204, 139, '2024-02-29', '08:39:00', '08:39:00', 1),
(2205, 139, '2024-02-28', '08:53:00', '18:57:00', 1),
(2206, 139, '2024-02-27', '08:20:00', '18:31:00', 1),
(2207, 139, '2024-02-26', '08:48:00', '19:40:00', 1),
(2208, 139, '2024-02-24', '09:05:00', '14:28:00', 1),
(2209, 139, '2024-02-23', '08:55:00', '18:32:00', 1),
(2210, 139, '2024-02-22', '08:32:00', '18:33:00', 1),
(2211, 139, '2024-02-21', '08:36:00', '18:31:00', 1),
(2212, 139, '2024-02-20', '08:46:00', '18:30:00', 1),
(2213, 139, '2024-02-17', '08:40:00', '13:20:00', 1),
(2214, 139, '2024-02-16', '08:53:00', '18:31:00', 1),
(2215, 139, '2024-02-15', '08:28:00', '18:35:00', 1),
(2216, 139, '2024-02-14', '08:26:00', '18:31:00', 1),
(2217, 139, '2024-02-13', '08:46:00', '18:43:00', 1),
(2218, 139, '2024-02-12', '08:43:00', '08:43:00', 1),
(2219, 139, '2024-02-09', '08:45:00', '16:54:00', 1),
(2220, 139, '2024-02-08', '08:42:00', '18:32:00', 1),
(2221, 139, '2024-02-07', '08:33:00', '18:37:00', 1),
(2222, 139, '2024-02-05', '09:06:00', '19:40:00', 1),
(2223, 139, '2024-02-03', '08:57:00', '12:58:00', 1),
(2224, 139, '2024-02-02', '08:46:00', '18:32:00', 1),
(2225, 71, '2024-02-28', '08:19:00', '18:28:00', 1),
(2226, 71, '2024-02-27', '08:29:00', '18:54:00', 1),
(2227, 71, '2024-02-26', '07:56:00', '18:46:00', 1),
(2228, 71, '2024-02-23', '07:58:00', '18:35:00', 1),
(2229, 71, '2024-02-22', '08:33:00', '18:36:00', 1),
(2230, 71, '2024-02-21', '08:20:00', '19:25:00', 1),
(2231, 71, '2024-02-20', '08:34:00', '18:57:00', 1),
(2232, 71, '2024-02-19', '08:07:00', '18:56:00', 1),
(2233, 71, '2024-02-16', '08:05:00', '18:57:00', 1),
(2234, 71, '2024-02-15', '08:20:00', '18:00:00', 1),
(2235, 71, '2024-02-14', '08:17:00', '18:57:00', 1),
(2236, 71, '2024-02-13', '08:24:00', '18:48:00', 1),
(2237, 71, '2024-02-12', '08:01:00', '18:36:00', 1),
(2238, 71, '2024-02-09', '08:27:00', '14:00:00', 1),
(2239, 71, '2024-02-08', '08:18:00', '19:03:00', 1),
(2240, 71, '2024-02-07', '08:17:00', '18:36:00', 1),
(2241, 71, '2024-02-06', '08:18:00', '18:54:00', 1),
(2242, 71, '2024-02-05', '08:07:00', '19:04:00', 1),
(2243, 71, '2024-02-01', '08:17:00', '18:53:00', 1),
(2244, 90, '2024-02-28', '18:18:00', '18:25:00', 1),
(2245, 90, '2024-02-07', '12:14:00', '12:14:00', 1),
(2246, 116, '2024-02-28', '09:04:00', '16:40:00', 1),
(2247, 116, '2024-02-27', '07:41:00', '16:27:00', 1),
(2248, 116, '2024-02-23', '07:35:00', '14:43:00', 1),
(2249, 116, '2024-02-19', '07:41:00', '14:08:00', 1),
(2250, 116, '2024-02-01', '14:50:00', '18:21:00', 1),
(2251, 28, '2024-02-27', '08:27:00', '18:38:00', 1),
(2252, 28, '2024-02-19', '07:47:00', '19:06:00', 1),
(2253, 28, '2024-02-16', '15:00:00', '18:36:00', 1),
(2254, 28, '2024-02-15', '08:10:00', '18:55:00', 1),
(2255, 28, '2024-02-02', '07:41:00', '18:48:00', 1),
(2256, 28, '2024-02-01', '08:18:00', '19:05:00', 1),
(2257, 133, '2024-02-27', '09:16:00', '18:34:00', 1),
(2258, 133, '2024-02-26', '08:54:00', '16:06:00', 1),
(2259, 133, '2024-02-23', '09:06:00', '17:28:00', 1),
(2260, 133, '2024-02-21', '09:21:00', '16:03:00', 1),
(2261, 133, '2024-02-20', '09:23:00', '17:35:00', 1),
(2262, 133, '2024-02-19', '09:19:00', '18:46:00', 1),
(2263, 133, '2024-02-16', '08:55:00', '14:26:00', 1),
(2264, 133, '2024-02-15', '17:15:00', '17:59:00', 1),
(2265, 133, '2024-02-13', '15:01:00', '15:12:00', 1),
(2266, 133, '2024-02-12', '08:57:00', '10:59:00', 1),
(2267, 133, '2024-02-09', '10:22:00', '12:24:00', 1),
(2268, 133, '2024-02-08', '09:12:00', '15:47:00', 1),
(2269, 133, '2024-02-07', '14:17:00', '18:00:00', 1),
(2270, 133, '2024-02-06', '09:03:00', '19:03:00', 1),
(2271, 133, '2024-02-01', '09:13:00', '11:57:00', 1),
(2272, 27, '2024-02-27', '07:17:00', '15:37:00', 1),
(2273, 27, '2024-02-26', '07:32:00', '19:21:00', 1),
(2274, 27, '2024-02-19', '07:21:00', '18:57:00', 1),
(2275, 27, '2024-02-16', '07:39:00', '18:36:00', 1),
(2276, 27, '2024-02-15', '07:36:00', '19:45:00', 1),
(2277, 27, '2024-02-14', '07:26:00', '18:36:00', 1),
(2278, 27, '2024-02-13', '08:46:00', '18:30:00', 1),
(2279, 27, '2024-02-12', '08:51:00', '18:52:00', 1),
(2280, 27, '2024-02-09', '07:36:00', '15:15:00', 1),
(2281, 27, '2024-02-08', '07:10:00', '19:11:00', 1),
(2282, 27, '2024-02-07', '07:25:00', '19:01:00', 1),
(2283, 27, '2024-02-06', '08:17:00', '15:59:00', 1),
(2284, 27, '2024-02-05', '07:47:00', '18:34:00', 1),
(2285, 27, '2024-02-02', '07:38:00', '20:07:00', 1),
(2286, 27, '2024-02-01', '08:40:00', '19:13:00', 1),
(2287, 57, '2024-02-26', '07:12:00', '17:37:00', 1),
(2288, 57, '2024-02-23', '07:45:00', '13:15:00', 1),
(2289, 57, '2024-02-22', '07:14:00', '17:37:00', 1),
(2290, 57, '2024-02-21', '07:34:00', '17:44:00', 1),
(2291, 57, '2024-02-20', '07:24:00', '17:42:00', 1),
(2292, 57, '2024-02-19', '07:23:00', '17:42:00', 1),
(2293, 57, '2024-02-16', '08:06:00', '14:05:00', 1),
(2294, 57, '2024-02-15', '07:10:00', '18:34:00', 1),
(2295, 57, '2024-02-14', '07:33:00', '17:05:00', 1),
(2296, 57, '2024-02-13', '07:27:00', '18:26:00', 1),
(2297, 57, '2024-02-12', '07:29:00', '18:17:00', 1),
(2298, 57, '2024-02-09', '07:13:00', '17:35:00', 1),
(2299, 57, '2024-02-08', '07:16:00', '17:46:00', 1),
(2300, 57, '2024-02-07', '07:20:00', '17:56:00', 1),
(2301, 57, '2024-02-06', '07:08:00', '17:41:00', 1),
(2302, 57, '2024-02-02', '08:36:00', '14:04:00', 1),
(2303, 57, '2024-02-01', '07:34:00', '18:27:00', 1),
(2304, 115, '2024-02-23', '08:22:00', '21:30:00', 1),
(2305, 115, '2024-02-22', '08:23:00', '19:58:00', 1),
(2306, 115, '2024-02-21', '08:43:00', '22:29:00', 1),
(2307, 115, '2024-02-20', '08:19:00', '17:22:00', 1),
(2308, 115, '2024-02-19', '08:14:00', '18:45:00', 1),
(2309, 115, '2024-02-16', '08:13:00', '18:29:00', 1),
(2310, 115, '2024-02-15', '08:18:00', '17:59:00', 1),
(2311, 115, '2024-02-14', '08:30:00', '17:48:00', 1),
(2312, 115, '2024-02-13', '08:23:00', '18:18:00', 1),
(2313, 115, '2024-02-12', '08:19:00', '18:13:00', 1),
(2314, 115, '2024-02-09', '08:15:00', '14:15:00', 1),
(2315, 115, '2024-02-08', '08:22:00', '18:23:00', 1),
(2316, 115, '2024-02-07', '08:08:00', '18:04:00', 1),
(2317, 115, '2024-02-06', '08:19:00', '19:15:00', 1),
(2318, 115, '2024-02-05', '08:20:00', '15:21:00', 1),
(2319, 115, '2024-02-02', '08:24:00', '17:59:00', 1),
(2320, 115, '2024-02-01', '07:52:00', '18:27:00', 1),
(2321, 7, '2024-02-23', '08:43:00', '20:48:00', 1),
(2322, 7, '2024-02-22', '07:54:00', '18:19:00', 1),
(2323, 7, '2024-02-21', '08:49:00', '19:37:00', 1),
(2324, 7, '2024-02-20', '07:19:00', '17:38:00', 1),
(2325, 7, '2024-02-19', '08:53:00', '19:34:00', 1),
(2326, 7, '2024-02-16', '08:47:00', '13:24:00', 1),
(2327, 7, '2024-02-14', '08:33:00', '19:40:00', 1),
(2328, 7, '2024-02-13', '07:38:00', '17:03:00', 1),
(2329, 7, '2024-02-12', '08:49:00', '19:36:00', 1),
(2330, 7, '2024-02-09', '08:13:00', '14:20:00', 1),
(2331, 7, '2024-02-08', '08:02:00', '17:04:00', 1),
(2332, 7, '2024-02-07', '08:37:00', '22:37:00', 1),
(2333, 7, '2024-02-06', '08:49:00', '14:55:00', 1),
(2334, 7, '2024-02-05', '08:49:00', '18:38:00', 1),
(2335, 7, '2024-02-02', '09:03:00', '19:50:00', 1),
(2336, 7, '2024-02-01', '10:56:00', '17:31:00', 1),
(2337, 58, '2024-02-23', '08:32:00', '19:13:00', 1),
(2338, 58, '2024-02-22', '08:31:00', '20:36:00', 1),
(2339, 58, '2024-02-21', '08:59:00', '19:27:00', 1),
(2340, 58, '2024-02-20', '08:49:00', '19:26:00', 1),
(2341, 58, '2024-02-16', '08:11:00', '14:10:00', 1),
(2342, 58, '2024-02-15', '08:42:00', '20:08:00', 1),
(2343, 58, '2024-02-14', '08:18:00', '20:26:00', 1),
(2344, 58, '2024-02-13', '08:45:00', '21:02:00', 1),
(2345, 58, '2024-02-12', '07:59:00', '19:47:00', 1),
(2346, 58, '2024-02-09', '08:45:00', '16:24:00', 1),
(2347, 58, '2024-02-08', '08:53:00', '19:21:00', 1),
(2348, 58, '2024-02-07', '10:30:00', '19:13:00', 1),
(2349, 58, '2024-02-02', '07:57:00', '09:36:00', 1),
(2350, 58, '2024-02-01', '08:16:00', '19:55:00', 1),
(2351, 10, '2024-02-22', '06:25:00', '22:23:00', 1),
(2352, 10, '2024-02-21', '06:12:00', '18:50:00', 1),
(2353, 10, '2024-02-20', '06:45:00', '19:12:00', 1),
(2354, 10, '2024-02-19', '06:26:00', '19:07:00', 1),
(2355, 10, '2024-02-15', '06:42:00', '19:28:00', 1),
(2356, 10, '2024-02-14', '06:47:00', '19:19:00', 1),
(2357, 10, '2024-02-13', '06:30:00', '20:20:00', 1),
(2358, 10, '2024-02-12', '06:48:00', '20:21:00', 1),
(2359, 10, '2024-02-09', '06:33:00', '14:31:00', 1),
(2360, 10, '2024-02-08', '06:33:00', '22:25:00', 1),
(2361, 10, '2024-02-07', '06:14:00', '19:31:00', 1),
(2362, 10, '2024-02-06', '06:22:00', '21:22:00', 1),
(2363, 10, '2024-02-05', '06:38:00', '19:13:00', 1),
(2364, 10, '2024-02-02', '06:24:00', '18:49:00', 1),
(2365, 10, '2024-02-01', '06:27:00', '23:06:00', 1);

-- --------------------------------------------------------

--
-- 테이블 구조 `department`
--

CREATE TABLE `department` (
  `department_id` int(11) NOT NULL,
  `organization_id` int(11) NOT NULL,
  `department` varchar(50) NOT NULL,
  `valid` tinyint(1) NOT NULL DEFAULT 1
) ENGINE=InnoDB DEFAULT CHARSET=utf8;

--
-- 테이블의 덤프 데이터 `department`
--

INSERT INTO `department` (`department_id`, `organization_id`, `department`, `valid`) VALUES
(1, 1, 'Accounting & Tax', 1),
(2, 1, 'Accounting', 1),
(3, 1, 'Tax', 1),
(4, 1, 'AR & AP Management', 1),
(5, 1, 'Treasury', 1),
(6, 1, 'AR & Credit', 1),
(7, 1, 'CFO', 1),
(8, 1, 'Business Management', 1),
(9, 1, 'General Procurement', 1),
(10, 1, 'Planning', 1),
(11, 1, 'Process Innovation & IT', 1),
(12, 1, 'Legal', 1),
(13, 1, 'SCM', 1),
(14, 1, 'WH Management', 1),
(15, 1, 'Order Management', 1),
(16, 1, 'Import Logistics', 1),
(17, 1, 'Sales Administration', 1),
(18, 3, 'Marketing', 1),
(19, 3, 'Brand Marketing', 1),
(20, 3, 'OBS', 1),
(21, 2, 'GTM', 1),
(22, 2, 'Promotor/Retail Marketing CE', 1),
(23, 2, 'ISM', 1),
(24, 2, 'SOM', 1),
(25, 4, 'Air Solution', 1),
(26, 5, 'AV Product', 1),
(27, 6, 'HA Product', 1),
(28, 7, 'IT&ID Product', 1),
(29, 8, 'HE Product', 1),
(30, 9, 'Human Resources', 1),
(31, 10, 'SVC', 1),
(32, 10, 'CIC Operation', 1),
(33, 10, 'LG SVC Center', 1),
(34, 10, 'SVC Networks & Parts', 1),
(35, 10, 'Technical Support', 1),
(36, 11, 'B2B SAC Engineering', 1),
(37, 11, 'B2B SAC Sales', 1),
(38, 11, 'RAC Sales', 1),
(39, 12, 'B2B / IT', 1),
(40, 13, 'B2B2C / Family Club', 1),
(41, 14, 'CE Sales', 1),
(42, 14, 'HA Sales (CE)', 1),
(43, 14, 'HE Sales (CE)', 1),
(44, 14, 'HA/HE Sales (CE)', 1),
(45, 15, 'B2B ID Sales', 1),
(46, 16, 'IT Sales', 1);

-- --------------------------------------------------------

--
-- 테이블 구조 `employee`
--

CREATE TABLE `employee` (
  `employee_id` int(11) NOT NULL,
  `location_id` int(11) DEFAULT NULL,
  `department_id` int(11) DEFAULT NULL,
  `employee_number` varchar(20) NOT NULL,
  `name` varchar(150) NOT NULL,
  `is_supervised` tinyint(1) DEFAULT NULL,
  `valid` tinyint(1) NOT NULL DEFAULT 1
) ENGINE=InnoDB DEFAULT CHARSET=utf8;

--
-- 테이블의 덤프 데이터 `employee`
--

INSERT INTO `employee` (`employee_id`, `location_id`, `department_id`, `employee_number`, `name`, `is_supervised`, `valid`) VALUES
(1, 1, 1, 'PR009062', 'CASTRO GALLARDO, ANGELLA KAROLL', 0, 1),
(2, 1, 2, 'PR008255', 'MONTA?O COCA, MARIA DEL PILAR', 0, 1),
(3, 1, 2, 'PR009175', 'VELASQUEZ FLORES, MADELEYNE', 0, 1),
(4, 1, 2, 'PR009311', 'AVALOS BARRIO DE MENDOZA PAOLA', 0, 1),
(5, 1, 3, 'PR009092', 'PENA ANGO, LUIS GUSTAVO', 0, 1),
(6, 1, 3, 'PR009082', 'LLAJARUNA GONZALES, LIZ MARGARET', 0, 1),
(7, 1, 3, 'PR009244', 'QUEZADA XILENA', 1, 1),
(8, 1, 4, 'PR001736', 'SALAZAR GARCIA, GUILLERMO ENRIQUE', 0, 1),
(9, 1, 5, 'PR009309', 'POMACAJA BENITES MARIA DEL CARMEN', 0, 1),
(10, 1, 5, 'PR001759', 'AYALA RENGIFO, LUIS ENRIQUE', 0, 1),
(11, 1, 6, 'PR008956', 'DEPAZ VARGAS, JUAN PABLO', 0, 1),
(12, 1, 6, 'PR009333', 'SANCHEZ, DIANA', 1, 1),
(13, 1, 6, 'PR009119', 'NACIMENTO FLORES, TEDDY MARTIN', 1, 1),
(14, 1, 7, 'PR009297', 'Won Shik, Woo . ??, ????', 0, 1),
(15, 1, 8, 'PR008210', 'HWANG, BYUNG SEOK', 0, 1),
(16, 1, 9, 'PR008206', 'JIMENEZ NOLORBE, ANDY FRANK', 0, 1),
(17, 1, 9, 'PR009321', 'RETTO ALEMAN, JETER JHOSET', 1, 1),
(18, 1, 10, 'PR009257', 'Kim, Sujeong', 0, 1),
(19, 1, 10, 'PR009100', 'FLORES CANCHANYA, JHON DAVID', 0, 1),
(20, 1, 10, 'PR009325', 'CHOI MANRIQUE, SEONG JOON DAVID', 1, 1),
(21, 1, 10, 'PR008208', 'QUIROZ ECHEGARAY, FATIMA JOY', 0, 1),
(22, 1, 11, 'PR009337', 'PARK, JEONG WOO', 0, 1),
(23, 1, 11, 'PR008737', 'KAWANO CASTILLO, ROBERTO CARLOS', 0, 1),
(24, 1, 11, 'PR008985', 'ALVAREZ RAMIREZ, RICARDO JESUS', 1, 1),
(25, 1, 12, 'PR009129', 'ROSAZZA ROEDER, MARIO ANTONIO', 0, 1),
(26, 1, 12, 'PR009326', 'ANDRADE GALVEZ, NATALI', 0, 1),
(27, 1, 13, 'PR001871', 'CARBAJAL HUAYNA, MARIELA GLORIA', 0, 1),
(28, 1, 14, 'PR009207', 'OYOLA BRIAN', 0, 1),
(29, 1, 15, 'PR009327', 'RIVAS PATRICIA', 0, 1),
(30, 1, 15, 'PR009248', 'CORIA LEYTHON ANDREA VIRGINIA', 1, 1),
(31, 1, 15, 'PR009210', 'SAMPE MIRANDA ELIZABETH MILUSKA', 1, 1),
(32, 1, 15, 'PR008941', 'SUSAYA ORMENO, JHENMI LIBET', 1, 1),
(33, 1, 16, 'PR009319', 'CABALLERO QUICA?O CESAR', 0, 1),
(34, 1, 16, 'PR009277', 'QUISPE SILVESTRE MILUSKA TATIANA', 1, 1),
(35, 1, 17, 'PR001849', 'CARBAJAL HUAYNA, MELISA KATTY', 0, 1),
(36, 1, 17, 'PR009015', 'VASSALLO JIMENEZ, DEBORAH GLORIA MARIA', 0, 1),
(37, 1, 17, 'PR009172', 'CARRASCO SANTOS, ROCIO DEL MILAGRO', 1, 1),
(38, 1, 17, 'PR009064', 'VARGAS WONG, CHABELLY', 0, 1),
(39, 1, 17, 'PR009301', 'HERNANDEZ HUAMA?AHUI KELLY ESTHER', 1, 1),
(40, 1, 18, 'PR008295', 'SEO, BO JUNG', 0, 1),
(41, 1, 19, 'PR009289', 'SOPLIN MONTEJO LAURA ELIZABETH', 0, 1),
(42, 1, 18, 'PR009180', 'ASTUHUAMAN CASACHAGUA, PAMELA JHOHANA', 0, 1),
(43, 1, 18, 'PR009229', 'ARELLANO MONTOYA IGNACIO GERARDO', 0, 1),
(44, 1, 20, 'PR009335', 'SUAREZ LUIS', 1, 1),
(45, 1, 20, 'PR009027', 'GALLEGOS LOVERA, ELIZABETH PATRICIA', 1, 1),
(46, 1, 20, 'PR009156', 'OYARCE ZEGARRA, RODRIGO CESAR ALEJANDRO', 0, 1),
(47, 1, 20, 'PR008522', 'PINILLOS SEMINARIO, JUAN IGNACIO', 0, 1),
(48, 1, 21, 'PR008793', 'SHIM, SANG JUNE', 0, 1),
(49, 1, 22, 'PR008161', 'KANAGUSUKU ARIAS, DIANA ELISA', 0, 1),
(50, 1, 22, 'PR009132', 'TORRES ESPINOZA, MARISSELA CARMEN', 0, 1),
(51, 1, 22, 'PR009070', 'PARRA FLORES, GIULIANA DEL CARMEN', 0, 1),
(52, 1, 22, 'PR009242', 'RUCOBA  GRANDEZ  CESAR NIXON', 1, 1),
(53, 1, 22, 'PR009243', 'CHAVEZ  RODRIGUEZ  RONALD ALEJANDRO', 1, 1),
(54, 1, 23, 'PR009234', 'HUBY SOFIA', 0, 1),
(55, 1, 24, 'PR008144', 'CHUG MORALES, JUAN FRANCISCO', 0, 1),
(56, 1, 24, 'PR009310', 'CRUZ MENDOZA FRANCISCO', 1, 1),
(57, 1, 24, 'PR009174', 'ROMERO CARRASCO, DANNY JEFFERSON', 1, 1),
(58, 1, 24, 'PR009130', 'LENGUA NUNEZ, MILAGROS ISABEL', 0, 1),
(59, 1, 24, 'PR009134', 'CARRILLO OSCCO, ALFREDO MOISES', 0, 1),
(60, 1, 24, 'PR009201', 'CALUA JHAN', 1, 1),
(61, 1, 25, 'PR009224', 'JEONG  SANG UK', 0, 1),
(62, 1, 25, 'PR009088', 'ALFARO HERNANDEZ, ANDREA CECILIA', 1, 1),
(63, 1, 26, 'PR009329', 'Han, Muhyun . ??, ????', 0, 1),
(64, 1, 26, 'PR009060', 'CABALLERO ALFARO, MARKUS STEFAN', 0, 1),
(65, 1, 26, 'PR009293', 'AITA VALDERRAMA LUANA', 0, 1),
(66, 1, 27, 'PR009230', 'Lee, Seong Min . ??, ????', 0, 1),
(67, 1, 27, 'PR008756', 'ROJAS FLOREANO, WAGNER ALONSO', 0, 1),
(68, 1, 27, 'PR009305', 'RODRIGUEZ DUE?AS LUIS ANGEL', 0, 1),
(69, 1, 27, 'PR009232', 'FAJARDO GRIMALDI AGUSTIN ATILIO', 0, 1),
(70, 1, 27, 'PR009179', 'CORAL PILARES, ANGEL DANIEL', 1, 1),
(71, 1, 28, 'PR008451', 'PANDOLFI MERCADO, PATRICIA ROSA', 0, 1),
(72, 1, 28, 'PR009216', 'FREUNDT RENATO', 1, 1),
(73, 1, 28, 'PR009246', 'ARENAS VALDIVIA MILAGROS GUADALUPE', 1, 1),
(74, 1, 29, 'PR008770', 'TORRES ESPINOZA, CLAUDIA SOFIA', 0, 1),
(75, 1, 29, 'PR008969', 'NEYRA GARCIA, LAUCO FABRIZZIO', 0, 1),
(76, 1, 29, 'PR009113', 'Oh, Sang Jun . ??, ????', 0, 1),
(77, 1, 29, 'PR009033', 'VARGAS MENDOZA, DARIO ANTHONY', 0, 1),
(78, 1, 30, 'PR009153', 'MONTERO ATOCHE, CYNTHIA FIORELLA', 0, 1),
(79, 1, 30, 'PR009252', 'YEPEZ ANACLAUDIA', 0, 1),
(80, 1, 30, 'PR008934', 'GARCIA TIMOTEO, ANA FABIOLA', 0, 1),
(81, 1, 30, 'PR009255', 'Beuermann, Hans', 0, 1),
(82, 1, 31, 'PR009115', 'Gang, Jeongmo . ??, ????', 0, 1),
(83, 1, 32, 'PR009339', 'Herrera, Josue', 0, 1),
(84, 1, 32, 'PR008857', 'LUNA LOPEZ, GARI ALEJANDRO', 1, 1),
(85, 1, 32, 'PR008612', 'BAUTISTA MUNOZ, JIMMY SANTIAGO', 0, 1),
(86, 2, 33, 'PR008644', 'JIMENEZ CONCHA, GLADIMIR', 1, 1),
(87, 2, 33, 'PR008754', 'GALINDO PEREIRA, EDWIN', 1, 1),
(88, 2, 33, 'PR008901', 'GIL ARIZAGA, RICHARD', 1, 1),
(89, 2, 33, 'PR009102', 'SARMIENTO FARFAN, JOSE CARLOS', 0, 1),
(90, 2, 33, 'PR008641', 'CALDERON VELASQUEZ, JORGE ENRIQUE', 1, 1),
(91, 2, 33, 'PR008656', 'ARMAS MELGAREJO, RUBEN VIDAL', 1, 1),
(92, 2, 33, 'PR008860', 'JACINTO CARRION, SUSANA ELIZABETH', 1, 1),
(93, 2, 33, 'PR009286', 'GALLARDO MEZA LUIS RAUL OSWALDO', 1, 1),
(94, 1, 34, 'PR008457', 'PIZARRO BRAVO, LESLY MERCEDES', 0, 1),
(95, 1, 34, 'PR001703', 'ZAVALETA DURAN, CESAR ANTONIO', 0, 1),
(96, 1, 34, 'PR001762', 'MEZA GAVIDIA, ELIZABETH GIANNINA', 0, 1),
(97, 1, 34, 'PR009299', 'AG?ERO SOLANO JEAN POOUL', 0, 1),
(98, 1, 34, 'PR009190', 'ZAPATA CARLA', 1, 1),
(99, 1, 34, 'PR009160', 'IRAZABAL ECHENIQUE, DIEGO ANGEL JUNIOR', 0, 1),
(100, 1, 35, 'PR009031', 'HUANCA AQUISE, ARTURO', 0, 1),
(101, 1, 35, 'PR008733', 'VALDIVIEZO LEON, KURT KENY', 0, 1),
(102, 1, 35, 'PR009236', 'VEGA  LEON FREDDY RICHARD', 1, 1),
(103, 1, 35, 'PR008652', 'LAURA LARA, JHONY GREGORIO', 0, 1),
(104, 1, 36, 'PR009133', 'LUGO IRAUSQUIN, ESTEBAN RAMON', 0, 1),
(105, 1, 36, 'PR009162', 'DELGADO FERIA, JOSE ALEX', 0, 1),
(106, 1, 36, 'PR008978', 'MORALES CANAHUALPA, ROBERTO ALEXIS', 0, 1),
(107, 1, 37, 'PR009184', 'HINOSTROZA LOZANO, CARLOS EDUARDO', 0, 1),
(108, 1, 37, 'PR008780', 'CORTEZ TERRAZAS, RONY', 0, 1),
(109, 1, 37, 'PR009303', 'CHARA EDGAR', 0, 1),
(110, 1, 37, 'PR009109', 'ARAPA ORIUNDO, CHRISTIAN', 1, 1),
(111, 1, 38, 'PR001808', 'PAUCAR SUAREZ, PEDRO MANUEL', 0, 1),
(112, 1, 39, 'PR009226', 'SANGKYU LEE', 0, 1),
(113, 1, 39, 'PR009238', 'MORANTE  MANRIQUE YANIRA YVONNE', 1, 1),
(114, 1, 40, 'PR009163', 'CHAVEZ ESTRADA, LESLIE VICTORIA', 0, 1),
(115, 1, 40, 'PR009239', 'MALLMA  RODAS  WILMER JESUS', 0, 1),
(116, 1, 40, 'PR009237', 'MARTINEZ  CHAVEZ  DIKHARLA YVONNE', 0, 1),
(117, 1, 41, 'PR008672', 'NOVOA CHANG, FERNANDO JAVIER', 0, 1),
(118, 1, 42, 'PR008667', 'PASTOR SERRA, CHRISTIAN EDUARDO', 0, 1),
(119, 1, 42, 'PR001100', 'MENDOZA NOEL, JULIO ENRIQUE', 0, 1),
(120, 1, 42, 'PR009200', 'PERALES ANA ELIZABETH', 0, 1),
(121, 1, 42, 'PR009204', 'ALCAZAR ANCIETA RICARDO ALEJANDRO', 0, 1),
(122, 1, 42, 'PR009250', 'RUIZ MORELLA', 0, 1),
(123, 1, 42, 'PR009212', 'CRUZ BARDALES EVELYN', 0, 1),
(124, 1, 43, 'PR009011', 'KANAI TANAKA, RICARDO RAPHAEL', 0, 1),
(125, 1, 43, 'PR009206', 'PADILLA RICARDO', 0, 1),
(126, 1, 43, 'PR009220', 'CHAVEZ SILVANA', 0, 1),
(127, 1, 43, 'PR009249', 'GINOCCHIO PAREDES EDITH ANGELICA VICTORIA', 0, 1),
(128, 1, 43, 'PR009105', 'BENAVIDES ALAYZA, ALVARO', 0, 1),
(129, 1, 43, 'PR009254', 'ALTAMIRANO JOSE', 0, 1),
(130, 1, 44, 'PR009291', 'CASTILLO CASTRO JOSE MIGUEL', 0, 1),
(131, 1, 45, 'PR009331', 'NAMUCHE, MARTIN', 0, 1),
(132, 1, 45, 'PR009103', 'BERNABE ESCOBEDO, SERGIO', 1, 1),
(133, 1, 45, 'PR009177', 'CALDERON PUERTAS, ALFREDO', 0, 1),
(134, 1, 45, 'PR008997', 'REATEGUI RODRIGUEZ, JAVIER AUGUSTO', 0, 1),
(135, 1, 45, 'PR009287', 'RABANAL RABANAL JOSE ANDRES', 1, 1),
(136, 1, 46, 'PR001724', 'MIRANDA OVALLE, EDUARDO IVAN', 0, 1),
(137, 1, 46, 'PR009317', 'SERNA ALVARADO GIANPIERRE', 0, 1),
(138, 3, 34, 'PR001847', 'OBREGON UNCIHUAY, CELIA FABIANA', 0, 1),
(139, 3, 34, 'PR008200', 'ZE?A QUICHIS, HECTOR ALONSO', 1, 1),
(140, NULL, NULL, 'M875S9193', 'WOO WONSHIK', NULL, 1),
(141, NULL, NULL, 'M75951391', 'HAN MUHYUN', NULL, 1),
(142, NULL, NULL, 'M60682453', 'CHO, HYUN', NULL, 1);

-- --------------------------------------------------------

--
-- 테이블 구조 `location`
--

CREATE TABLE `location` (
  `location_id` int(11) NOT NULL,
  `location` varchar(15) NOT NULL,
  `valid` tinyint(1) NOT NULL DEFAULT 1
) ENGINE=InnoDB DEFAULT CHARSET=utf8;

--
-- 테이블의 덤프 데이터 `location`
--

INSERT INTO `location` (`location_id`, `location`, `valid`) VALUES
(1, 'San Isidro', 1),
(2, 'LGC', 1),
(3, 'VES', 1);

-- --------------------------------------------------------

--
-- 테이블 구조 `organization`
--

CREATE TABLE `organization` (
  `organization_id` int(11) NOT NULL,
  `subsidiary_id` int(11) NOT NULL,
  `organization` varchar(50) NOT NULL,
  `valid` tinyint(1) NOT NULL DEFAULT 1
) ENGINE=InnoDB DEFAULT CHARSET=utf8;

--
-- 테이블의 덤프 데이터 `organization`
--

INSERT INTO `organization` (`organization_id`, `subsidiary_id`, `organization`, `valid`) VALUES
(1, 1, 'CFO', 1),
(2, 1, 'GTM', 1),
(3, 1, 'MARKETING', 1),
(4, 1, 'PRODUCTO AC', 1),
(5, 1, 'PRODUCTO CAV', 1),
(6, 1, 'PRODUCTO HA', 1),
(7, 1, 'PRODUCTO IT ID', 1),
(8, 1, 'PRODUCTO TV', 1),
(9, 1, 'RRHH', 1),
(10, 1, 'SVC', 1),
(11, 1, 'Ventas AC', 1),
(12, 1, 'Ventas B2B', 1),
(13, 1, 'Ventas B2B2C', 1),
(14, 1, 'VENTAS CE', 1),
(15, 1, 'Ventas ID', 1),
(16, 1, 'Ventas IT ', 1);

-- --------------------------------------------------------

--
-- 테이블 구조 `subsidiary`
--

CREATE TABLE `subsidiary` (
  `subsidiary_id` int(11) NOT NULL,
  `subsidiary` varchar(100) NOT NULL,
  `valid` tinyint(1) NOT NULL DEFAULT 1
) ENGINE=InnoDB DEFAULT CHARSET=utf8;

--
-- 테이블의 덤프 데이터 `subsidiary`
--

INSERT INTO `subsidiary` (`subsidiary_id`, `subsidiary`, `valid`) VALUES
(1, 'LGEPRA', 1);

-- --------------------------------------------------------

--
-- 테이블 구조 `vacation`
--

CREATE TABLE `vacation` (
  `vacation_id` int(11) NOT NULL,
  `type_id` int(11) NOT NULL,
  `employee_id` int(11) NOT NULL,
  `date_from` date DEFAULT NULL,
  `date_to` date DEFAULT NULL,
  `day_count` float NOT NULL,
  `register` timestamp NOT NULL DEFAULT current_timestamp(),
  `valid` tinyint(1) NOT NULL DEFAULT 1
) ENGINE=InnoDB DEFAULT CHARSET=utf8;

--
-- 테이블의 덤프 데이터 `vacation`
--

INSERT INTO `vacation` (`vacation_id`, `type_id`, `employee_id`, `date_from`, `date_to`, `day_count`, `register`, `valid`) VALUES
(1, 1, 42, '2024-01-02', '2024-01-02', 1, '2024-01-16 05:00:00', 1),
(2, 1, 121, '2024-01-02', '2024-01-02', 1, '2023-12-06 05:00:00', 1),
(3, 1, 128, '2024-01-02', '2024-01-02', 1, '2023-12-13 05:00:00', 1),
(4, 1, 124, '2024-01-02', '2024-01-02', 1, '2023-12-13 05:00:00', 1),
(5, 1, 127, '2024-01-02', '2024-01-02', 1, '2023-12-14 05:00:00', 1),
(6, 1, 80, '2024-01-02', '2024-01-02', 1, '2024-01-16 05:00:00', 1),
(7, 1, 132, '2024-01-02', '2024-01-02', 1, '2023-12-21 05:00:00', 1),
(8, 1, 73, '2024-01-02', '2024-01-02', 1, '2023-12-22 05:00:00', 1),
(9, 1, 45, '2024-01-02', '2024-01-02', 1, '2023-12-15 05:00:00', 1),
(10, 1, 47, '2024-01-02', '2024-01-02', 1, '2023-12-12 05:00:00', 1),
(11, 1, 110, '2024-01-02', '2024-01-02', 1, '2023-12-30 05:00:00', 1),
(12, 1, 55, '2024-01-02', '2024-01-02', 1, '2023-11-28 05:00:00', 1),
(13, 1, 57, '2024-01-02', '2024-01-02', 1, '2023-12-13 05:00:00', 1),
(14, 1, 118, '2024-01-02', '2024-01-03', 2, '2023-12-15 05:00:00', 1),
(15, 1, 120, '2024-01-02', '2024-01-03', 2, '2023-12-28 05:00:00', 1),
(16, 1, 122, '2024-01-02', '2024-01-03', 2, '2023-12-27 05:00:00', 1),
(17, 1, 53, '2024-01-02', '2024-01-03', 2, '2023-12-29 05:00:00', 1),
(18, 1, 123, '2024-01-02', '2024-01-05', 4, '2023-12-06 05:00:00', 1),
(19, 1, 125, '2024-01-02', '2024-01-05', 4, '2023-12-14 05:00:00', 1),
(20, 1, 133, '2024-01-02', '2024-01-05', 4, '2023-12-21 05:00:00', 1),
(21, 1, 72, '2024-01-02', '2024-01-05', 4, '2023-12-19 05:00:00', 1),
(22, 1, 32, '2024-01-02', '2024-01-05', 4, '2023-12-29 05:00:00', 1),
(23, 1, 49, '2024-01-02', '2024-01-05', 4, '2023-12-20 05:00:00', 1),
(24, 1, 51, '2024-01-02', '2024-01-05', 4, '2023-12-23 05:00:00', 1),
(25, 1, 109, '2024-01-02', '2024-01-05', 4, '2023-12-14 05:00:00', 1),
(26, 1, 107, '2024-01-02', '2024-01-05', 4, '2024-01-16 05:00:00', 1),
(27, 1, 126, '2024-01-02', '2024-01-08', 7, '2023-12-14 05:00:00', 1),
(28, 1, 50, '2024-01-03', '2024-01-03', 1, '2023-12-30 05:00:00', 1),
(29, 1, 78, '2024-01-04', '2024-01-05', 2, '2024-01-03 05:00:00', 1),
(30, 1, 31, '2024-01-05', '2024-01-05', 1, '2024-01-05 05:00:00', 1),
(31, 1, 10, '2024-01-05', '2024-01-05', 1, '2024-01-05 05:00:00', 1),
(32, 1, 28, '2024-01-05', '2024-01-05', 1, '2024-01-05 05:00:00', 1),
(33, 1, 2, '2024-01-08', '2024-01-08', 1, '2024-01-06 05:00:00', 1),
(34, 1, 123, '2024-01-08', '2024-01-08', 1, '2024-01-10 05:00:00', 1),
(35, 1, 29, '2024-01-08', '2024-01-08', 1, '2024-01-05 05:00:00', 1),
(36, 1, 28, '2024-01-08', '2024-01-08', 1, '2024-01-08 05:00:00', 1),
(37, 1, 49, '2024-01-08', '2024-01-10', 3, '2023-12-20 05:00:00', 1),
(38, 1, 130, '2024-01-08', '2024-01-12', 5, '2024-01-03 05:00:00', 1),
(39, 1, 51, '2024-01-08', '2024-01-12', 5, '2023-12-23 05:00:00', 1),
(40, 1, 57, '2024-01-08', '2024-01-12', 5, '2024-01-06 05:00:00', 1),
(41, 2, 104, '2024-01-09', '2024-01-09', 0.5, '2024-01-08 05:00:00', 1),
(42, 1, 106, '2024-01-09', '2024-01-10', 2, '2024-01-03 05:00:00', 1),
(43, 1, 104, '2024-01-10', '2024-01-11', 2, '2024-01-08 05:00:00', 1),
(44, 1, 52, '2024-01-10', '2024-01-12', 3, '2024-01-10 05:00:00', 1),
(45, 3, 127, '2024-01-11', '2024-01-11', 0.5, '2024-01-09 05:00:00', 1),
(46, 1, 49, '2024-01-11', '2024-01-12', 2, '2024-01-11 05:00:00', 1),
(47, 2, 120, '2024-01-12', '2024-01-12', 0.5, '2024-01-04 05:00:00', 1),
(48, 2, 122, '2024-01-12', '2024-01-12', 0.5, '2024-01-04 05:00:00', 1),
(49, 3, 46, '2024-01-12', '2024-01-12', 0.5, '2024-01-13 05:00:00', 1),
(50, 2, 37, '2024-01-12', '2024-01-12', 0.5, '2024-01-10 05:00:00', 1),
(51, 2, 5, '2024-01-12', '2024-01-12', 0.5, '2024-01-13 05:00:00', 1),
(52, 1, 123, '2024-01-12', '2024-01-12', 1, '2024-01-17 05:00:00', 1),
(53, 1, 126, '2024-01-12', '2024-01-12', 1, '2024-01-12 05:00:00', 1),
(54, 1, 119, '2024-01-15', '2024-01-15', 1, '2024-01-13 05:00:00', 1),
(55, 1, 132, '2024-01-15', '2024-01-15', 1, '2023-12-21 05:00:00', 1),
(56, 1, 60, '2024-01-15', '2024-01-15', 1, '2024-01-13 05:00:00', 1),
(57, 1, 39, '2024-01-15', '2024-01-15', 1, '2024-01-03 05:00:00', 1),
(58, 1, 47, '2024-01-15', '2024-01-16', 2, '2024-01-11 05:00:00', 1),
(59, 1, 52, '2024-01-15', '2024-01-17', 3, '2024-01-10 05:00:00', 1),
(60, 1, 36, '2024-01-15', '2024-01-17', 3, '2024-02-07 05:00:00', 1),
(61, 1, 2, '2024-01-15', '2024-01-19', 5, '2024-01-13 05:00:00', 1),
(62, 3, 79, '2024-01-16', '2024-01-16', 0.5, '2024-01-16 05:00:00', 1),
(63, 1, 41, '2024-01-16', '2024-01-19', 4, '2024-01-13 05:00:00', 1),
(64, 1, 28, '2024-01-17', '2024-01-19', 3, '2024-01-17 05:00:00', 1),
(65, 3, 7, '2024-01-18', '2024-01-18', 0.5, '2024-01-18 05:00:00', 1),
(66, 1, 10, '2024-01-18', '2024-01-18', 1, '2024-01-18 05:00:00', 1),
(67, 3, 120, '2024-01-19', '2024-01-19', 0.5, '2024-01-09 05:00:00', 1),
(68, 2, 129, '2024-01-19', '2024-01-19', 0.5, '2024-01-06 05:00:00', 1),
(69, 3, 132, '2024-01-19', '2024-01-19', 0.5, '2024-01-19 05:00:00', 1),
(70, 2, 133, '2024-01-19', '2024-01-19', 0.5, '2024-01-17 05:00:00', 1),
(71, 2, 72, '2024-01-19', '2024-01-19', 0.5, '2024-02-07 05:00:00', 1),
(72, 2, 50, '2024-01-19', '2024-01-19', 0.5, '2024-01-16 05:00:00', 1),
(73, 2, 37, '2024-01-19', '2024-01-19', 0.5, '2024-01-18 05:00:00', 1),
(74, 1, 134, '2024-01-19', '2024-01-19', 1, '2024-01-19 05:00:00', 1),
(75, 1, 13, '2024-01-22', '2024-01-23', 2, '2024-01-18 05:00:00', 1),
(76, 1, 50, '2024-01-22', '2024-01-23', 2, '2024-01-16 05:00:00', 1),
(77, 2, 45, '2024-01-25', '2024-01-25', 0.5, '2024-01-25 05:00:00', 1),
(78, 3, 5, '2024-01-25', '2024-01-25', 0.5, '2024-01-25 05:00:00', 1),
(79, 1, 80, '2024-01-25', '2024-01-25', 1, '2024-01-24 05:00:00', 1),
(80, 1, 133, '2024-01-25', '2024-01-25', 1, '2024-01-23 05:00:00', 1),
(81, 1, 60, '2024-01-25', '2024-01-26', 2, '2024-01-25 05:00:00', 1),
(82, 1, 10, '2024-01-25', '2024-01-31', 7, '2024-01-25 05:00:00', 1),
(83, 3, 79, '2024-01-26', '2024-01-26', 0.5, '2024-01-26 05:00:00', 1),
(84, 1, 17, '2024-01-26', '2024-01-26', 1, '2024-01-12 05:00:00', 1),
(85, 1, 129, '2024-01-26', '2024-01-26', 1, '2024-01-25 05:00:00', 1),
(86, 1, 33, '2024-01-26', '2024-01-26', 1, '2024-01-12 05:00:00', 1),
(87, 1, 135, '2024-01-29', '2024-01-30', 2, '2024-01-17 05:00:00', 1),
(88, 1, 37, '2024-01-29', '2024-01-30', 2, '2024-01-24 05:00:00', 1),
(89, 1, 17, '2024-01-29', '2024-02-02', 5, '2024-01-12 05:00:00', 1),
(90, 1, 18, '2024-01-29', '2024-02-02', 5, '2024-01-06 05:00:00', 1),
(91, 1, 59, '2024-01-29', '2024-02-02', 5, '2024-02-07 05:00:00', 1),
(92, 1, 51, '2024-01-30', '2024-01-30', 1, '2024-01-29 05:00:00', 1),
(93, 3, 80, '2024-01-31', '2024-01-31', 0.5, '2024-01-31 05:00:00', 1),
(94, 1, 21, '2024-01-31', '2024-01-31', 1, '2024-01-30 05:00:00', 1),
(95, 3, 124, '2024-02-01', '2024-02-01', 0.5, '2024-02-01 05:00:00', 1),
(96, 1, 134, '2024-02-01', '2024-02-05', 5, '2023-12-15 05:00:00', 1),
(97, 1, 73, '2024-02-01', '2024-02-09', 9, '2023-12-22 05:00:00', 1),
(98, 1, 118, '2024-02-02', '2024-02-02', 1, '2024-01-30 05:00:00', 1),
(99, 1, 122, '2024-02-02', '2024-02-02', 1, '2024-01-30 05:00:00', 1),
(100, 1, 72, '2024-02-02', '2024-02-02', 1, '2024-02-07 05:00:00', 1),
(101, 1, 33, '2024-02-02', '2024-02-02', 1, '2024-01-30 05:00:00', 1),
(102, 1, 32, '2024-02-02', '2024-02-06', 5, '2024-02-02 05:00:00', 1),
(103, 2, 51, '2024-02-05', '2024-02-05', 0.5, '2024-02-05 05:00:00', 1),
(104, 1, 57, '2024-02-05', '2024-02-05', 1, '2024-02-06 05:00:00', 1),
(105, 1, 18, '2024-02-05', '2024-02-09', 5, '2024-01-06 05:00:00', 1),
(106, 1, 104, '2024-02-05', '2024-02-09', 5, '2024-02-01 05:00:00', 1),
(107, 1, 28, '2024-02-05', '2024-02-09', 5, '2024-02-05 05:00:00', 1),
(108, 1, 45, '2024-02-05', '2024-02-16', 12, '2024-01-04 05:00:00', 1),
(109, 3, 62, '2024-02-06', '2024-02-06', 0.5, '2024-02-07 05:00:00', 1),
(110, 3, 33, '2024-02-06', '2024-02-06', 0.5, '2024-02-06 05:00:00', 1),
(111, 3, 36, '2024-02-06', '2024-02-06', 0.5, '2024-02-06 05:00:00', 1),
(112, 1, 2, '2024-02-06', '2024-02-07', 2, '2024-02-06 05:00:00', 1),
(113, 1, 80, '2024-02-07', '2024-02-07', 1, '2024-02-07 05:00:00', 1),
(114, 1, 124, '2024-02-08', '2024-02-08', 1, '2024-02-01 05:00:00', 1),
(115, 1, 121, '2024-02-09', '2024-02-09', 1, '2024-01-23 05:00:00', 1),
(116, 1, 123, '2024-02-09', '2024-02-09', 1, '2024-02-07 05:00:00', 1),
(117, 1, 129, '2024-02-12', '2024-02-12', 1, '2024-01-31 05:00:00', 1),
(118, 1, 30, '2024-02-12', '2024-02-13', 2, '2024-02-05 05:00:00', 1),
(119, 1, 55, '2024-02-12', '2024-02-14', 3, '2024-02-06 05:00:00', 1),
(120, 1, 18, '2024-02-12', '2024-02-16', 5, '2024-01-06 05:00:00', 1),
(121, 1, 79, '2024-02-13', '2024-02-15', 3, '2024-02-08 05:00:00', 1),
(122, 3, 129, '2024-02-14', '2024-02-14', 0.5, '2024-01-30 05:00:00', 1),
(123, 1, 135, '2024-02-14', '2024-02-15', 2, '2024-01-17 05:00:00', 1),
(124, 1, 106, '2024-02-14', '2024-02-16', 3, '2024-02-06 05:00:00', 1),
(125, 1, 37, '2024-02-15', '2024-02-15', 1, '2024-02-09 05:00:00', 1),
(126, 1, 121, '2024-02-15', '2024-02-16', 2, '2024-01-23 05:00:00', 1),
(127, 1, 122, '2024-02-15', '2024-02-16', 2, '2024-01-23 05:00:00', 1),
(128, 1, 124, '2024-02-15', '2024-02-21', 7, '2024-02-01 05:00:00', 1),
(129, 2, 125, '2024-02-16', '2024-02-16', 0.5, '2024-01-16 05:00:00', 1),
(130, 1, 36, '2024-02-19', '2024-02-21', 3, '2024-02-06 05:00:00', 1),
(131, 1, 18, '2024-02-19', '2024-02-23', 5, '2024-01-06 05:00:00', 1),
(132, 3, 125, '2024-02-21', '2024-02-21', 0.5, '2024-01-16 05:00:00', 1),
(133, 1, 23, '2024-02-21', '2024-02-22', 2, '2024-02-09 05:00:00', 1),
(134, 1, 106, '2024-02-21', '2024-02-23', 3, '2024-02-06 05:00:00', 1),
(135, 1, 127, '2024-02-22', '2024-02-23', 2, '2024-02-09 05:00:00', 1),
(136, 1, 37, '2024-02-26', '2024-02-26', 1, '2024-02-09 05:00:00', 1),
(137, 1, 23, '2024-03-04', '2024-03-05', 2, '2024-02-09 05:00:00', 1),
(138, 1, 135, '2024-03-25', '2024-03-25', 1, '2024-01-17 05:00:00', 1),
(139, 1, 54, '2024-03-25', '2024-03-27', 3, '2024-02-06 05:00:00', 1),
(140, 1, 126, '2024-04-01', '2024-04-01', 1, '2024-02-09 05:00:00', 1),
(141, 1, 37, '2024-04-15', '2024-04-19', 5, '2024-02-09 05:00:00', 1),
(142, 1, 62, '2024-05-02', '2024-05-03', 2, '2024-01-04 05:00:00', 1),
(143, 1, 46, '2024-05-02', '2024-05-03', 2, '2024-02-03 05:00:00', 1),
(144, 1, 62, '2024-05-06', '2024-05-07', 2, '2024-01-04 05:00:00', 1),
(145, 1, 46, '2024-05-06', '2024-05-10', 5, '2024-02-03 05:00:00', 1),
(146, 1, 29, '2024-05-06', '2024-05-10', 5, '2024-02-08 05:00:00', 1),
(147, 1, 37, '2024-05-13', '2024-05-13', 1, '2024-02-09 05:00:00', 1),
(148, 1, 125, '2024-05-13', '2024-05-17', 5, '2024-01-16 05:00:00', 1),
(149, 1, 46, '2024-05-13', '2024-05-17', 5, '2024-02-05 05:00:00', 1),
(150, 1, 23, '2024-05-13', '2024-05-17', 5, '2024-02-09 05:00:00', 1),
(151, 1, 46, '2024-05-20', '2024-05-22', 3, '2024-02-03 05:00:00', 1),
(152, 1, 22, '2024-05-22', '2024-05-24', 3, '2024-02-09 05:00:00', 1),
(153, 1, 22, '2024-05-27', '2024-05-28', 2, '2024-02-09 05:00:00', 1),
(154, 1, 37, '2024-06-17', '2024-06-17', 1, '2024-02-09 05:00:00', 1),
(155, 1, 22, '2024-07-15', '2024-07-19', 5, '2024-02-09 05:00:00', 1),
(156, 1, 23, '2024-07-30', '2024-07-31', 2, '2024-02-09 05:00:00', 1),
(157, 1, 23, '2024-08-01', '2024-08-02', 2, '2024-02-09 05:00:00', 1),
(158, 1, 23, '2024-08-05', '2024-08-05', 1, '2024-02-09 05:00:00', 1),
(159, 1, 23, '2024-08-07', '2024-08-09', 3, '2024-02-09 05:00:00', 1),
(160, 1, 126, '2024-09-13', '2024-09-23', 11, '2024-02-09 05:00:00', 1),
(161, 1, 22, '2024-09-30', '2024-10-04', 5, '2024-02-09 05:00:00', 1),
(162, 1, 62, '2024-10-01', '2024-10-04', 4, '2024-01-04 05:00:00', 1),
(163, 1, 62, '2024-10-07', '2024-10-07', 1, '2024-01-04 05:00:00', 1),
(164, 1, 62, '2024-10-09', '2024-10-11', 3, '2024-01-04 05:00:00', 1),
(165, 1, 23, '2024-10-14', '2024-10-18', 5, '2024-02-09 05:00:00', 1),
(166, 1, 62, '2024-10-30', '2024-10-31', 2, '2024-01-17 05:00:00', 1),
(167, 1, 62, '2024-11-04', '2024-11-05', 2, '2024-01-17 05:00:00', 1),
(168, 1, 22, '2024-11-28', '2024-11-29', 2, '2024-02-09 05:00:00', 1),
(169, 1, 80, '2024-12-02', '2024-12-02', 1, '2023-12-14 05:00:00', 1),
(170, 1, 22, '2024-12-02', '2024-12-06', 5, '2024-02-09 05:00:00', 1),
(171, 1, 54, '2024-12-23', '2025-01-03', 12, '2024-02-06 05:00:00', 1);

-- --------------------------------------------------------

--
-- 테이블 구조 `vacation_type`
--

CREATE TABLE `vacation_type` (
  `type_id` int(11) NOT NULL,
  `type` varchar(15) NOT NULL,
  `valid` tinyint(4) NOT NULL DEFAULT 1
) ENGINE=InnoDB DEFAULT CHARSET=utf8;

--
-- 테이블의 덤프 데이터 `vacation_type`
--

INSERT INTO `vacation_type` (`type_id`, `type`, `valid`) VALUES
(1, 'All', 1),
(2, 'Morning', 1),
(3, 'Afternoon', 1);

-- --------------------------------------------------------

--
-- 테이블 구조 `working_hour`
--

CREATE TABLE `working_hour` (
  `working_hour_id` int(11) NOT NULL,
  `employee_id` int(11) NOT NULL,
  `wh_option_id` int(11) NOT NULL,
  `date_from` date NOT NULL,
  `date_to` date NOT NULL,
  `register` timestamp NOT NULL DEFAULT current_timestamp(),
  `valid` tinyint(1) NOT NULL DEFAULT 1
) ENGINE=InnoDB DEFAULT CHARSET=utf8;

--
-- 테이블의 덤프 데이터 `working_hour`
--

INSERT INTO `working_hour` (`working_hour_id`, `employee_id`, `wh_option_id`, `date_from`, `date_to`, `register`, `valid`) VALUES
(1, 1, 7, '2000-01-01', '2200-01-01', '2024-03-18 00:23:43', 1),
(2, 2, 5, '2000-01-01', '2200-01-01', '2024-03-18 00:23:43', 1),
(3, 3, 7, '2000-01-01', '2200-01-01', '2024-03-18 00:23:43', 1),
(4, 4, 5, '2000-01-01', '2200-01-01', '2024-03-18 00:23:43', 1),
(5, 5, 7, '2000-01-01', '2200-01-01', '2024-03-18 00:23:43', 1),
(6, 6, 3, '2000-01-01', '2024-02-11', '2024-03-18 00:23:43', 1),
(7, 6, 4, '2024-02-12', '2200-01-01', '2024-03-18 00:23:43', 1),
(8, 7, 7, '2000-01-01', '2200-01-01', '2024-03-18 00:23:43', 1),
(9, 8, 2, '2000-01-01', '2200-01-01', '2024-03-18 00:23:43', 1),
(10, 9, 2, '2000-01-01', '2200-01-01', '2024-03-18 00:23:43', 1),
(11, 10, 3, '2000-01-01', '2200-01-01', '2024-03-18 00:23:43', 1),
(12, 11, 5, '2000-01-01', '2200-01-01', '2024-03-18 00:23:43', 1),
(13, 12, 4, '2000-01-01', '2200-01-01', '2024-03-18 00:23:43', 1),
(14, 13, 4, '2000-01-01', '2200-01-01', '2024-03-18 00:23:43', 1),
(15, 14, 3, '2000-01-01', '2200-01-01', '2024-03-18 00:23:43', 1),
(16, 15, 4, '2000-01-01', '2200-01-01', '2024-03-18 00:23:43', 1),
(17, 16, 5, '2000-01-01', '2200-01-01', '2024-03-18 00:23:43', 1),
(18, 17, 4, '2000-01-01', '2200-01-01', '2024-03-18 00:23:43', 1),
(19, 18, 5, '2000-01-01', '2200-01-01', '2024-03-18 00:23:43', 1),
(20, 19, 5, '2000-01-01', '2200-01-01', '2024-03-18 00:23:43', 1),
(21, 20, 4, '2000-01-01', '2024-02-25', '2024-03-18 00:23:43', 1),
(22, 20, 5, '2024-02-26', '2200-01-01', '2024-03-18 00:23:43', 1),
(23, 21, 3, '2000-01-01', '2200-01-01', '2024-03-18 00:23:43', 1),
(24, 22, 4, '2000-01-01', '2200-01-01', '2024-03-18 00:23:43', 1),
(25, 23, 4, '2000-01-01', '2200-01-01', '2024-03-18 00:23:43', 1),
(26, 24, 5, '2000-01-01', '2200-01-01', '2024-03-18 00:23:43', 1),
(27, 25, 5, '2000-01-01', '2200-01-01', '2024-03-18 00:23:43', 1),
(28, 26, 3, '2000-01-01', '2200-01-01', '2024-03-18 00:23:43', 1),
(29, 27, 3, '2000-01-01', '2200-01-01', '2024-03-18 00:23:43', 1),
(30, 28, 4, '2000-01-01', '2200-01-01', '2024-03-18 00:23:43', 1),
(31, 29, 3, '2000-01-01', '2200-01-01', '2024-03-18 00:23:43', 1),
(32, 30, 3, '2000-01-01', '2200-01-01', '2024-03-18 00:23:43', 1),
(33, 31, 2, '2000-01-01', '2200-01-01', '2024-03-18 00:23:43', 1),
(34, 32, 2, '2000-01-01', '2200-01-01', '2024-03-18 00:23:43', 1),
(35, 33, 4, '2000-01-01', '2200-01-01', '2024-03-18 00:23:43', 1),
(36, 34, 2, '2000-01-01', '2200-01-01', '2024-03-18 00:23:43', 1),
(37, 35, 5, '2000-01-01', '2200-01-01', '2024-03-18 00:23:43', 1),
(38, 36, 2, '2000-01-01', '2200-01-01', '2024-03-18 00:23:43', 1),
(39, 37, 7, '2000-01-01', '2200-01-01', '2024-03-18 00:23:43', 1),
(40, 38, 4, '2000-01-01', '2200-01-01', '2024-03-18 00:23:43', 1),
(41, 39, 4, '2000-01-01', '2200-01-01', '2024-03-18 00:23:43', 1),
(42, 40, 7, '2000-01-01', '2200-01-01', '2024-03-18 00:23:43', 1),
(43, 41, 4, '2000-01-01', '2200-01-01', '2024-03-18 00:23:43', 1),
(44, 42, 4, '2000-01-01', '2200-01-01', '2024-03-18 00:23:43', 1),
(45, 43, 5, '2000-01-01', '2200-01-01', '2024-03-18 00:23:43', 1),
(46, 44, 3, '2000-01-01', '2200-01-01', '2024-03-18 00:23:43', 1),
(47, 45, 3, '2000-01-01', '2200-01-01', '2024-03-18 00:23:43', 1),
(48, 46, 5, '2000-01-01', '2200-01-01', '2024-03-18 00:23:43', 1),
(49, 47, 2, '2000-01-01', '2200-01-01', '2024-03-18 00:23:43', 1),
(50, 48, 2, '2000-01-01', '2200-01-01', '2024-03-18 00:23:43', 1),
(51, 49, 4, '2000-01-01', '2200-01-01', '2024-03-18 00:23:43', 1),
(52, 50, 4, '2000-01-01', '2200-01-01', '2024-03-18 00:23:43', 1),
(53, 51, 1, '2000-01-01', '2200-01-01', '2024-03-18 00:23:43', 1),
(54, 52, 5, '2000-01-01', '2200-01-01', '2024-03-18 00:23:43', 1),
(55, 53, 4, '2000-01-01', '2200-01-01', '2024-03-18 00:23:43', 1),
(56, 54, 5, '2000-01-01', '2200-01-01', '2024-03-18 00:23:43', 1),
(57, 55, 4, '2000-01-01', '2200-01-01', '2024-03-18 00:23:43', 1),
(58, 56, 2, '2000-01-01', '2200-01-01', '2024-03-18 00:23:43', 1),
(59, 57, 2, '2000-01-01', '2200-01-01', '2024-03-18 00:23:43', 1),
(60, 58, 5, '2000-01-01', '2200-01-01', '2024-03-18 00:23:43', 1),
(61, 59, 2, '2000-01-01', '2200-01-01', '2024-03-18 00:23:43', 1),
(62, 60, 5, '2000-01-01', '2200-01-01', '2024-03-18 00:23:43', 1),
(63, 61, 5, '2000-01-01', '2200-01-01', '2024-03-18 00:23:43', 1),
(64, 62, 3, '2000-01-01', '2200-01-01', '2024-03-18 00:23:43', 1),
(65, 63, 4, '2000-01-01', '2200-01-01', '2024-03-18 00:23:43', 1),
(66, 64, 5, '2000-01-01', '2200-01-01', '2024-03-18 00:23:43', 1),
(67, 65, 4, '2000-01-01', '2200-01-01', '2024-03-18 00:23:43', 1),
(68, 66, 4, '2000-01-01', '2200-01-01', '2024-03-18 00:23:43', 1),
(69, 67, 5, '2000-01-01', '2200-01-01', '2024-03-18 00:23:43', 1),
(70, 68, 4, '2000-01-01', '2200-01-01', '2024-03-18 00:23:43', 1),
(71, 69, 5, '2000-01-01', '2200-01-01', '2024-03-18 00:23:43', 1),
(72, 70, 5, '2000-01-01', '2200-01-01', '2024-03-18 00:23:43', 1),
(73, 71, 4, '2000-01-01', '2200-01-01', '2024-03-18 00:23:43', 1),
(74, 72, 6, '2000-01-01', '2200-01-01', '2024-03-18 00:23:43', 1),
(75, 73, 5, '2000-01-01', '2200-01-01', '2024-03-18 00:23:43', 1),
(76, 74, 4, '2000-01-01', '2200-01-01', '2024-03-18 00:23:43', 1),
(77, 75, 3, '2000-01-01', '2200-01-01', '2024-03-18 00:23:43', 1),
(78, 76, 5, '2000-01-01', '2200-01-01', '2024-03-18 00:23:43', 1),
(79, 77, 3, '2000-01-01', '2200-01-01', '2024-03-18 00:23:43', 1),
(80, 78, 4, '2000-01-01', '2200-01-01', '2024-03-18 00:23:43', 1),
(81, 79, 3, '2000-01-01', '2200-01-01', '2024-03-18 00:23:43', 1),
(82, 80, 3, '2000-01-01', '2200-01-01', '2024-03-18 00:23:43', 1),
(83, 81, 5, '2000-01-01', '2200-01-01', '2024-03-18 00:23:43', 1),
(84, 82, 4, '2000-01-01', '2200-01-01', '2024-03-18 00:23:43', 1),
(85, 83, 4, '2000-01-01', '2200-01-01', '2024-03-18 00:23:43', 1),
(86, 84, 2, '2000-01-01', '2200-01-01', '2024-03-18 00:23:43', 1),
(87, 85, 4, '2000-01-01', '2200-01-01', '2024-03-18 00:23:43', 1),
(88, 86, 4, '2000-01-01', '2200-01-01', '2024-03-18 00:23:43', 1),
(89, 87, 4, '2000-01-01', '2200-01-01', '2024-03-18 00:23:43', 1),
(90, 88, 4, '2000-01-01', '2200-01-01', '2024-03-18 00:23:43', 1),
(91, 89, 4, '2000-01-01', '2200-01-01', '2024-03-18 00:23:43', 1),
(92, 90, 4, '2000-01-01', '2200-01-01', '2024-03-18 00:23:43', 1),
(93, 91, 4, '2000-01-01', '2200-01-01', '2024-03-18 00:23:43', 1),
(94, 92, 4, '2000-01-01', '2200-01-01', '2024-03-18 00:23:43', 1),
(95, 93, 4, '2000-01-01', '2200-01-01', '2024-03-18 00:23:43', 1),
(96, 94, 3, '2000-01-01', '2200-01-01', '2024-03-18 00:23:43', 1),
(97, 95, 4, '2000-01-01', '2200-01-01', '2024-03-18 00:23:43', 1),
(98, 96, 3, '2000-01-01', '2200-01-01', '2024-03-18 00:23:43', 1),
(99, 97, 4, '2000-01-01', '2200-01-01', '2024-03-18 00:23:43', 1),
(100, 98, 3, '2000-01-01', '2200-01-01', '2024-03-18 00:23:43', 1),
(101, 99, 5, '2000-01-01', '2200-01-01', '2024-03-18 00:23:43', 1),
(102, 100, 4, '2000-01-01', '2200-01-01', '2024-03-18 00:23:43', 1),
(103, 101, 4, '2000-01-01', '2200-01-01', '2024-03-18 00:23:43', 1),
(104, 102, 3, '2000-01-01', '2200-01-01', '2024-03-18 00:23:43', 1),
(105, 103, 4, '2000-01-01', '2200-01-01', '2024-03-18 00:23:43', 1),
(106, 104, 5, '2000-01-01', '2200-01-01', '2024-03-18 00:23:43', 1),
(107, 105, 5, '2000-01-01', '2200-01-01', '2024-03-18 00:23:43', 1),
(108, 106, 5, '2000-01-01', '2200-01-01', '2024-03-18 00:23:43', 1),
(109, 107, 4, '2000-01-01', '2200-01-01', '2024-03-18 00:23:43', 1),
(110, 108, 5, '2000-01-01', '2200-01-01', '2024-03-18 00:23:43', 1),
(111, 109, 5, '2000-01-01', '2200-01-01', '2024-03-18 00:23:43', 1),
(112, 110, 7, '2000-01-01', '2200-01-01', '2024-03-18 00:23:43', 1),
(113, 111, 5, '2000-01-01', '2200-01-01', '2024-03-18 00:23:43', 1),
(114, 112, 4, '2000-01-01', '2200-01-01', '2024-03-18 00:23:43', 1),
(115, 113, 4, '2000-01-01', '2200-01-01', '2024-03-18 00:23:43', 1),
(116, 114, 2, '2000-01-01', '2200-01-01', '2024-03-18 00:23:43', 1),
(117, 115, 4, '2000-01-01', '2200-01-01', '2024-03-18 00:23:43', 1),
(118, 116, 3, '2000-01-01', '2200-01-01', '2024-03-18 00:23:43', 1),
(119, 117, 5, '2000-01-01', '2200-01-01', '2024-03-18 00:23:43', 1),
(120, 118, 4, '2000-01-01', '2200-01-01', '2024-03-18 00:23:43', 1),
(121, 119, 1, '2000-01-01', '2200-01-01', '2024-03-18 00:23:43', 1),
(122, 120, 1, '2000-01-01', '2200-01-01', '2024-03-18 00:23:43', 1),
(123, 121, 5, '2000-01-01', '2200-01-01', '2024-03-18 00:23:43', 1),
(124, 122, 3, '2000-01-01', '2200-01-01', '2024-03-18 00:23:43', 1),
(125, 123, 4, '2000-01-01', '2200-01-01', '2024-03-18 00:23:43', 1),
(126, 124, 5, '2000-01-01', '2200-01-01', '2024-03-18 00:23:43', 1),
(127, 125, 3, '2000-01-01', '2200-01-01', '2024-03-18 00:23:43', 1),
(128, 126, 3, '2000-01-01', '2200-01-01', '2024-03-18 00:23:43', 1),
(129, 127, 3, '2000-01-01', '2200-01-01', '2024-03-18 00:23:43', 1),
(130, 128, 5, '2000-01-01', '2200-01-01', '2024-03-18 00:23:43', 1),
(131, 129, 2, '2000-01-01', '2200-01-01', '2024-03-18 00:23:43', 1),
(132, 130, 5, '2000-01-01', '2200-01-01', '2024-03-18 00:23:43', 1),
(133, 131, 5, '2000-01-01', '2200-01-01', '2024-03-18 00:23:43', 1),
(134, 132, 5, '2000-01-01', '2200-01-01', '2024-03-18 00:23:43', 1),
(135, 133, 5, '2000-01-01', '2200-01-01', '2024-03-18 00:23:43', 1),
(136, 134, 4, '2000-01-01', '2200-01-01', '2024-03-18 00:23:43', 1),
(137, 135, 4, '2000-01-01', '2200-01-01', '2024-03-18 00:23:43', 1),
(138, 136, 5, '2000-01-01', '2200-01-01', '2024-03-18 00:23:43', 1),
(139, 137, 5, '2000-01-01', '2200-01-01', '2024-03-18 00:23:43', 1),
(140, 138, 8, '2000-01-01', '2200-01-01', '2024-03-18 00:23:43', 1),
(141, 139, 8, '2000-01-01', '2200-01-01', '2024-03-18 00:23:43', 1);

-- --------------------------------------------------------

--
-- 테이블 구조 `working_hour_option`
--

CREATE TABLE `working_hour_option` (
  `option_id` int(11) NOT NULL,
  `entrance_time` time NOT NULL,
  `exit_time` time NOT NULL,
  `valid` tinyint(1) NOT NULL DEFAULT 1
) ENGINE=InnoDB DEFAULT CHARSET=utf8;

--
-- 테이블의 덤프 데이터 `working_hour_option`
--

INSERT INTO `working_hour_option` (`option_id`, `entrance_time`, `exit_time`, `valid`) VALUES
(1, '07:00:00', '17:00:00', 1),
(2, '07:30:00', '17:30:00', 1),
(3, '08:00:00', '18:00:00', 1),
(4, '08:30:00', '18:30:00', 1),
(5, '09:00:00', '19:00:00', 1),
(6, '09:15:00', '19:15:00', 1),
(7, '09:30:00', '19:30:00', 1),
(8, '09:00:00', '18:30:00', 1);

--
-- 덤프된 테이블의 인덱스
--

--
-- 테이블의 인덱스 `attendance`
--
ALTER TABLE `attendance`
  ADD PRIMARY KEY (`attendance_id`);

--
-- 테이블의 인덱스 `department`
--
ALTER TABLE `department`
  ADD PRIMARY KEY (`department_id`);

--
-- 테이블의 인덱스 `employee`
--
ALTER TABLE `employee`
  ADD PRIMARY KEY (`employee_id`);

--
-- 테이블의 인덱스 `location`
--
ALTER TABLE `location`
  ADD PRIMARY KEY (`location_id`);

--
-- 테이블의 인덱스 `organization`
--
ALTER TABLE `organization`
  ADD PRIMARY KEY (`organization_id`),
  ADD KEY `fk_org_sub` (`subsidiary_id`);

--
-- 테이블의 인덱스 `subsidiary`
--
ALTER TABLE `subsidiary`
  ADD PRIMARY KEY (`subsidiary_id`);

--
-- 테이블의 인덱스 `vacation`
--
ALTER TABLE `vacation`
  ADD PRIMARY KEY (`vacation_id`);

--
-- 테이블의 인덱스 `vacation_type`
--
ALTER TABLE `vacation_type`
  ADD PRIMARY KEY (`type_id`);

--
-- 테이블의 인덱스 `working_hour`
--
ALTER TABLE `working_hour`
  ADD PRIMARY KEY (`working_hour_id`);

--
-- 테이블의 인덱스 `working_hour_option`
--
ALTER TABLE `working_hour_option`
  ADD PRIMARY KEY (`option_id`);

--
-- 덤프된 테이블의 AUTO_INCREMENT
--

--
-- 테이블의 AUTO_INCREMENT `attendance`
--
ALTER TABLE `attendance`
  MODIFY `attendance_id` int(11) NOT NULL AUTO_INCREMENT, AUTO_INCREMENT=2366;

--
-- 테이블의 AUTO_INCREMENT `department`
--
ALTER TABLE `department`
  MODIFY `department_id` int(11) NOT NULL AUTO_INCREMENT, AUTO_INCREMENT=47;

--
-- 테이블의 AUTO_INCREMENT `employee`
--
ALTER TABLE `employee`
  MODIFY `employee_id` int(11) NOT NULL AUTO_INCREMENT, AUTO_INCREMENT=143;

--
-- 테이블의 AUTO_INCREMENT `location`
--
ALTER TABLE `location`
  MODIFY `location_id` int(11) NOT NULL AUTO_INCREMENT, AUTO_INCREMENT=4;

--
-- 테이블의 AUTO_INCREMENT `organization`
--
ALTER TABLE `organization`
  MODIFY `organization_id` int(11) NOT NULL AUTO_INCREMENT, AUTO_INCREMENT=17;

--
-- 테이블의 AUTO_INCREMENT `subsidiary`
--
ALTER TABLE `subsidiary`
  MODIFY `subsidiary_id` int(11) NOT NULL AUTO_INCREMENT, AUTO_INCREMENT=2;

--
-- 테이블의 AUTO_INCREMENT `vacation`
--
ALTER TABLE `vacation`
  MODIFY `vacation_id` int(11) NOT NULL AUTO_INCREMENT, AUTO_INCREMENT=172;

--
-- 테이블의 AUTO_INCREMENT `vacation_type`
--
ALTER TABLE `vacation_type`
  MODIFY `type_id` int(11) NOT NULL AUTO_INCREMENT, AUTO_INCREMENT=6;

--
-- 테이블의 AUTO_INCREMENT `working_hour`
--
ALTER TABLE `working_hour`
  MODIFY `working_hour_id` int(11) NOT NULL AUTO_INCREMENT, AUTO_INCREMENT=142;

--
-- 테이블의 AUTO_INCREMENT `working_hour_option`
--
ALTER TABLE `working_hour_option`
  MODIFY `option_id` int(11) NOT NULL AUTO_INCREMENT, AUTO_INCREMENT=9;

--
-- 덤프된 테이블의 제약사항
--

--
-- 테이블의 제약사항 `organization`
--
ALTER TABLE `organization`
  ADD CONSTRAINT `fk_org_sub` FOREIGN KEY (`subsidiary_id`) REFERENCES `subsidiary` (`subsidiary_id`) ON DELETE CASCADE ON UPDATE CASCADE;
COMMIT;

/*!40101 SET CHARACTER_SET_CLIENT=@OLD_CHARACTER_SET_CLIENT */;
/*!40101 SET CHARACTER_SET_RESULTS=@OLD_CHARACTER_SET_RESULTS */;
/*!40101 SET COLLATION_CONNECTION=@OLD_COLLATION_CONNECTION */;
